﻿<?xml version="1.0" encoding="utf-8" standalone="no"?>
<modDesc descVersion="40">
    <author>ksergey13,Evgenii_Solovei</author>
    <version>1.0.0.0</version>
    <title>
        <en>Otval_Silos</en>
        <de>Otval_Silos</de>
        <fr>Otval_Silos</fr>
    </title>
    <description>
        <en>Otval_Silos</en>
        <de>Otval_Silos</de>
        <fr>Otval_Silos</fr>
    </description>
    <iconFilename>store/store.png</iconFilename>
    <multiplayer supported="true"/>
	
	<extraSourceFiles>
        <sourceFile filename="src/SeasonsAvailabilityCheck.lua"/>
    </extraSourceFiles>

    <specializations>
        <specialization name="snowPlow" className="SnowPlow" filename="src/SnowPlow.lua"/>
    </specializations>

    <vehicleTypes>
        <type name="snowPlow" className="Vehicle" filename="$dataS/scripts/vehicles/Vehicle.lua">
            <specialization name="baseMaterial"/>
            <specialization name="tipOccluder"/>
            <specialization name="foliageBending"/>
            <specialization name="washable"/>
            <specialization name="wearable"/>
            <specialization name="dynamicallyLoadedParts"/>
            <specialization name="animatedVehicle"/>
            <specialization name="cylindered"/>
            <specialization name="mountable"/>
            <specialization name="wheels"/>
            <specialization name="slopeCompensation"/>
            <specialization name="speedRotatingParts"/>
            <specialization name="attachable"/>
            <specialization name="lights"/>
            <specialization name="powerTakeOffs"/>
            <specialization name="powerConsumer"/>
            <specialization name="suspensions"/>
            <specialization name="aiImplement"/>
            <specialization name="connectionHoses"/>
            <specialization name="attacherJoints"/>
            <specialization name="foldable"/>
            <specialization name="cylinderedFoldable"/>
            <specialization name="fillUnit"/>
            <specialization name="fillVolume"/>
            <specialization name="cover"/>
            <specialization name="snowPlow"/>
        </type>
    </vehicleTypes>

    <storeItems>
        <storeItem xmlFilename="Otval_Silos.xml" rootNode="vehicle"/>
    </storeItems>

    <brands>
        <brand name="HAUER" title="Hauer" image="brand_hauer.dds"/>
    </brands>

    <brandColors>
        <color name="HAUER_ORANGE1" value="0.9176 0.1943 0.0 1"/>
    </brandColors>

    <l10n>
        <text name="typeDesc_snowPlow">
            <en>snow plow</en>
            <de>Schneepflug</de>
            <fr>Chasse-neige</fr>
            <ru>отвал для снега</ru>
        </text>
        <text name="function_snowPlow">
            <en>Snow plows move snow to clear a path.</en>
            <de>Schneepflüge räumen Schnee beiseite, um einen Weg frei zu machen.</de>
            <fr>Les chasse-neiges déplacent la neige pour dégager un chemin.</fr>
            <ru>Отвал для расчистки дорог от снега.</ru>
        </text>
    </l10n>
</modDesc>
