﻿<?xml version="1.0" encoding="utf-8" standalone="no"?>
<vehicle type="snowPlow">
    <annotation>Copyright (C) GIANTS Software GmbH, All Rights Reserved.</annotation>
    <storeData>
        <name>
            <en>Otval_Silos</en>
		</name>
        <functions>
            <function>$l10n_function_snowPlow</function>
        </functions>
        <image>store/store1.png</image>
        <price>4200</price>
        <lifetime>600</lifetime>
        <rotation>0</rotation>
        <brand>HAUER</brand>
        <category>misc</category>
    </storeData>
    <base>
        <typeDesc>$l10n_typeDesc_snowPlow</typeDesc>
        <filename>Otval_Silos.i3d</filename>
        <size width="3.2" length="1.5" lengthOffset="-0.45"/>
        <speedLimit value="60"/>
        <components>
            <component centerOfMass="0 0 0" solverIterationCount="20" mass="393"/>
        </components>
        <schemaOverlay attacherJointPosition="0 0">
            <default name="DEFAULT_IMPLEMENT"/>
            <selected name="DEFAULT_IMPLEMENT_SELECTED"/>
        </schemaOverlay>
    </base>
    <attachable>
        <inputAttacherJoints>
            <inputAttacherJoint node="0>2" topReferenceNode="0>3" jointType="implement" isControllable="true" lowerTransLimitScale="0 2.5 0" lowerRotLimitScale="0 0 0" upperRotLimitScale="0 0 0">
                <distanceToGround lower="0.35" upper="1"/>
            </inputAttacherJoint>
        </inputAttacherJoints>
    </attachable>
    <cylindered>
        <sounds>
            <hydraulic template="DEFAULT_HYDRAULIC_SOUND"/>
        </sounds>
    </cylindered>
    <fillUnit>
        <fillUnitConfigurations>
            <fillUnitConfiguration name="$l10n_configuration_valueDefault">
                <fillUnits>
                    <fillUnit unit="$l10n_unit_literShort" fillTypeCategories="bulk windrow" capacity="5000" showInShop="false" showOnHud="false"/>
                </fillUnits>
            </fillUnitConfiguration>
        </fillUnitConfigurations>
    </fillUnit>
    <snowPlow fillUnitIndex="1" pickUpDirection="1">
        <nodes>
            <node node="0>4" rotDependentNode="0>0|1" rotThreshold="7" width="3.5" minDropWidth="3" maxDropWidth="4" tipOffset="0.45"/>
        </nodes>
        <effects>
            <effectNode effectNode="0>5|5" materialType="unloading" materialTypeId="1" maxBending="0.8"/>
            <effectNode effectNode="0>6|5" materialType="unloading" materialTypeId="1" maxBending="0.8"/>
            <effectNode effectClass="ParticleEffect" effectNode="0>5|0" particleType="SNOW" emitCountScale="2" worldSpace="false"/>
            <effectNode effectClass="ParticleEffect" effectNode="0>6|0" particleType="SNOW" emitCountScale="2" worldSpace="false"/>
            <effectNode effectClass="ParticleEffect" effectNode="0>5|1" particleType="SNOW_CHUNKS" emitCountScale="2" worldSpace="false"/>
            <effectNode effectClass="ParticleEffect" effectNode="0>6|1" particleType="SNOW_CHUNKS" emitCountScale="2" worldSpace="false"/>
            <effectNode effectClass="ParticleEffect" effectNode="0>5|2" particleType="SNOW_BIG_CHUNKS" emitCountScale="1" worldSpace="false"/>
            <effectNode effectClass="ParticleEffect" effectNode="0>6|2" particleType="SNOW_BIG_CHUNKS" emitCountScale="1" worldSpace="false"/>
            <effectNode effectClass="ParticleEffect" effectNode="0>5|3" particleType="SNOW_SMOKE" emitCountScale="10"/>
            <effectNode effectClass="ParticleEffect" effectNode="0>6|3" particleType="SNOW_SMOKE" emitCountScale="10"/>
            <effectNode effectClass="ParticleEffect" effectNode="0>5|4" particleType="SNOW_SMOKE" emitCountScale="5"/>
            <effectNode effectClass="ParticleEffect" effectNode="0>6|4" particleType="SNOW_SMOKE" emitCountScale="5"/>
        </effects>
        <sounds>
            <work file="sounds/snowplow.wav" innerRadius="5.0" outerRadius="50.0" fadeOut="0.1">
                <volume indoor="0.5" outdoor="1.5">
                    <modifier type="SPEED" value="0.50" modifiedValue="0.0"/>
                    <modifier type="SPEED" value="5.00" modifiedValue="1.0"/>
                </volume>
                <pitch indoor="1.0" outdoor="1.0">
                    <modifier type="SPEED" value="0.00" modifiedValue="0.8"/>
                    <modifier type="SPEED" value="10.0" modifiedValue="1.05"/>
                </pitch>
                <lowpassGain indoor="0.7" outdoor="1.0"/>
            </work>
        </sounds>
    </snowPlow>
    <washable dirtDuration="90" washDuration="1" workMultiplier="4" fieldMultiplier="2"/>
</vehicle>
