<?xml version="1.0" encoding="utf-8" standalone="no"?>
<modDesc descVersion="43">
    <author>BlendArt,EliteModdingQuebec</author>
    <version>1.0.0.0</version>
    <title>
        <de>Normand</de>
        <en>Normand</en>
        <fr>Normand</fr>
    </title>
    <description>
        <en>Snowblower</en>
        <de>Souffleuse à neige</de>
    </description>
    <l10n>
        <text name="typeDesc_Normand">
            <de>Schneefräse</de>
            <en>Snow Blower</en>
            <fr>Souffleuse à neige</fr>
        </text>
        <text name="function_Normand">
            <de>Mit einer Schneefräse können sie schnell große Mengen an Schnee räumen!</de>
            <en>Snow blower is a machine for removing snow from an area where it is not wanted!</en>
            <fr>Avec une souffleuse à neige, vous pouvez rapidement dégager de grandes quantités de neige!</fr>
        </text>
		<text name="tipSideTower">
            <de>Tower Pipe</de>
            <en>Tower Pipe</en>
            <fr>Chute a neige</fr>
        </text>
		<text name="tipSideRight">
            <de>ejection right</de>
            <en>ejection right</en>
            <fr>Tambour Rotatif</fr>
        </text>
    </l10n>
    <vehicleTypes>
            <type name="Normand" parent="forageWagon" className="Vehicle" filename="$dataS/scripts/vehicles/Vehicle.lua">
            <specialization name="bunkerSiloInteractor"/>
            <specialization name="animatedVehicle"/>
            <specialization name="shovel"/>
            <specialization name="pipe"/>
        </type>
    </vehicleTypes>
    <iconFilename>icon.dds</iconFilename>
    <multiplayer supported="true"/>
    <storeItems>
        <storeItem xmlFilename="Normand.xml"/>
    </storeItems>
    <brands>
        <brand name="NORMAND" title="Normand" image="brand_normand.dds"/>
    </brands>
</modDesc>
