<?xml version="1.0" encoding="utf-8" standalone="no"?>
<vehicle type="Normand">
    <annotation>Copyright (C)</annotation>
    <storeData>
        <name>
        <de>Snow Blower</de>
        <en>Snow Blower</en>
        </name>
        <specs>
            <neededPower>100</neededPower>
            <workingWidth>3.0</workingWidth>
        </specs>
        <functions>
            <function>$l10n_function_Normand</function>
        </functions>
        <image>store.dds</image>
        <price>5000</price>
        <lifetime>600</lifetime>
        <rotation>0</rotation>
        <brand>Normand</brand>
        <category>misc</category>
        <shopTranslationOffset>0 0 0</shopTranslationOffset>
        <shopRotationOffset>0 0 0</shopRotationOffset>
        <vertexBufferMemoryUsage>1303056</vertexBufferMemoryUsage>
        <indexBufferMemoryUsage>189330</indexBufferMemoryUsage>
        <textureMemoryUsage>5592496</textureMemoryUsage>
        <instanceVertexBufferMemoryUsage>0</instanceVertexBufferMemoryUsage>
        <instanceIndexBufferMemoryUsage>0</instanceIndexBufferMemoryUsage>
    </storeData>
    <base>
        <typeDesc>$l10n_typeDesc_Normand</typeDesc>
        <filename>Normand.i3d</filename>
        <size width="3" length="2.5"/>
        <speedLimit value="10"/>
        <components>
            <component centerOfMass="0 0.3 -0.1" solverIterationCount="8" mass="1045"/>
        </components>
        <schemaOverlay attacherJointPosition="0 0">
            <default name="DEFAULT_IMPLEMENT"/>
            <turnedOn name="DEFAULT_IMPLEMENT_ON"/>
            <selected name="DEFAULT_IMPLEMENT_SELECTED"/>
            <turnedOnSelected name="DEFAULT_IMPLEMENT_SELECTED_ON"/>
        </schemaOverlay>
    </base>
   
    <baseMaterial>
        <material name="normand" baseNode="0>5">
            <shaderParameter name="colorMat0" value="CASEIH_RED1"/>
        </material>
    </baseMaterial>

    <baseMaterialConfigurations price="100" useDefaultColors="true" defaultColorIndex="15">
        <material name="normand" shaderParameter="colorMat0" />
    </baseMaterialConfigurations>

    <attachable>
        <inputAttacherJoints>
            <inputAttacherJoint node="0>0" jointType="implement" topReferenceNode="0>1" upperRotationOffset="15" lowerRotationOffset="0">
                <distanceToGround lower="0.1" upper="1.1"/>
            </inputAttacherJoint>
        </inputAttacherJoints>
    </attachable>
    <attacherJoints>
        <sounds>
            <attach file="$data/sounds/vehicles/shared/attach_01.ogg">
                <volume indoor="0.75" outdoor="1.00"/>
                <pitch outdoor="1.00"/>
            </attach>
        </sounds>
    </attacherJoints>
    <powerTakeOffs>
        <input inputNode="0>3" inputAttacherJointIndices="1" aboveAttacher="true"/>
    </powerTakeOffs>
    <powerConsumer ptoRpm="500" neededMaxPtoPower="35"/>

    <animations>
        <animation name="pipe">
            <!--pipe zaklad-->
            <part node="0>5|3|2"       startTime="0" endTime="1"   startRot="5.398 0 0"                endRot="9.289 0 0" />
            <part node="0>5|3|2"       startTime="1" endTime="2"   startRot="9.289 0 0"                endRot="17.011 0 0" />
            <part node="0>5|3|2"       startTime="2" endTime="3"   startRot="17.011 0 0"                endRot="22.506 0 0" />
            <!--pipe vrch-->
            <part node="0>5|3|2|1"      startTime="0" endTime="1"   startRot="8.286 0 0"                endRot="18.248 0 0" />
            <part node="0>5|3|2|1"      startTime="1" endTime="2"   startRot="18.248 0 0"                endRot="38.906 0 0" />
            <part node="0>5|3|2|1"      startTime="2" endTime="3"   startRot="38.906 0 0"                endRot="73.51 0 0" />
            <!--pipe support-->
            <part node="0>5|3|4"      startTime="0" endTime="1"   startRot="2.654 0 0"                endRot="6.485 0 0" />
            <part node="0>5|3|4"      startTime="1" endTime="2"   startRot="6.485 0 0"                endRot="15.638 0 0" />
            <part node="0>5|3|4"      startTime="2" endTime="3"   startRot="15.638 0 0"                endRot="30.349 0 0" />
        </animation>
		<animation name="tipAnimationPipe">
            <part node="0>10"      startTime="0" endTime="0.2"   startRot="0 0 0"   endRot="0 0 0" /><!--nothing-->
        </animation>
		<animation name="tipAnimationRight">
            <part node="0>10"      startTime="0" endTime="0.2"   startRot="0 0 0"   endRot="0 0 0" /><!--nothing-->
        </animation>
		<animation name="toggleCover">
        </animation>
    </animations>
    
    <cylindered>
        <movingTools>
            <movingTool node="0>5|3" playSound="true" >
                <controls axis="AXIS_FRONTLOADER_TOOL" invertAxis="false" mouseSpeedFactor="0.6" iconName="CRANE_ARM1_ROTATE_Y" /><!--Chute Gauche Droite-->
                <rotation rotSpeed="100" rotAcceleration="100" rotMax="120" rotMin="-120" rotationAxis="2"/>
            </movingTool>
            
            <movingTool node="0>5|3|2|1" playSound="true">
                <controls axis="AXIS_FRONTLOADER_ARM" invertAxis="true" mouseSpeedFactor="0.6" iconName="CRANE_EC_TRANSLATE_Z" /><!--Chute Haut Bas-->
                <rotation rotSpeed="100" rotAcceleration="100" rotMax="70" rotMin="20" rotationAxis="1"/>
            </movingTool>

        </movingTools>
       
        <movingParts>
            <movingPart node="0>5|3|3" referencePoint="0>5|3|2|2" referenceFrame="0>5|3|3" >
                <translatingPart node="0>5|3|3|0" />
            </movingPart>
        </movingParts>

        <sounds>
            <hydraulic file="$data/sounds/vehicles/hydraulic/hydraulic_loop_01.ogg">
                <volume outdoor="1.00"/>
                <pitch outdoor="1.00"/>
            </hydraulic>
        </sounds>
    </cylindered>
    
    <fillUnit>
        <fillUnitConfigurations>
            <fillUnitConfiguration>
                <fillUnits>
                    <fillUnit unit="$l10n_unit_literShort" fillTypeCategories="bulk" showInShop="true" showOnHud="true" capacity="5000">
                    </fillUnit>
                </fillUnits>
            </fillUnitConfiguration>
        </fillUnitConfigurations>
    </fillUnit>
    
	<cover>
        <coverConfigurations>
            <coverConfiguration>
                <cover openAnimation="toggleCover" fillUnitIndices="1" />
            </coverConfiguration>
        </coverConfigurations>
    </cover>
    
	<trailer>
        <trailerConfigurations>            
            <trailerConfiguration name="$l10n_configuration_valueDefault" price="0">
                <trailer>
					<tipSide name="$l10n_tipSideTower" dischargeNodeIndex="1">
                        <animation name="tipAnimationPipe" speedScale="1.0" startTipTime="0.02"/>
                    </tipSide>
                    <tipSide name="$l10n_tipSideRight" dischargeNodeIndex="2" >
                        <animation name="tipAnimationRight" speedScale="1.0" startTipTime="0.02"/>
                    </tipSide>
                </trailer>
            </trailerConfiguration>            
        </trailerConfigurations>
    </trailer>
	
	
	<dischargeable requiresTipOcclusionArea="false">
	
        <dischargeNode node="0>5|3|2|1|1" fillUnitIndex="1" emptySpeed="3000" maxDistance="43" stopDischargeOnEmpty="false">
            <info width="0.5" length="1.0" useRaycastHitPosition="true"/>
			<raycast extraDistance="-1" maxDistance="20"/>
            <effects>
			    <!-- Particule Main Pipe -->
                <effectNode effectClass="PipeEffect" effectNode="0>5|3|0" delay="0" materialType="unloading" materialTypeId="1"/>
				
				<!-- Particule Blower -->
				<effectNode effectNode="0>8|5" materialType="unloading" materialTypeId="1" fadeTime="0.5" useDistance="false" fadeScale="0"/><!-- BlowerSnowMesh -->
				<effectNode effectClass="ParticleEffect" effectNode="0>8|0" particleType="SNOW" emitCountScale="2" worldSpace="false"/><!-- emitshape -->
				<effectNode effectClass="ParticleEffect" effectNode="0>8|1" particleType="SNOW_CHUNKS" emitCountScale="2" worldSpace="false"/><!-- emitshapeChunks -->
				<effectNode effectClass="ParticleEffect" effectNode="0>8|2" particleType="SNOW_BIG_CHUNKS" emitCountScale="1" worldSpace="false"/><!-- emitshapeChunksBig -->
				<effectNode effectClass="ParticleEffect" effectNode="0>8|3" particleType="SNOW_BIG_CHUNKS" emitCountScale="4" worldSpace="false"/><!-- emitshapeChunksBig2 -->
				<effectNode effectClass="ParticleEffect" effectNode="0>8|4" particleType="SNOW_SMOKE" emitCountScale="5"/><!-- emitshapeSmoke -->
				
				<!-- Particule Chute -->
				<effectNode effectClass="ParticleEffect" effectNode="ef_Apipe_01" particleType="SNOW_CHUNKS" emitCountScale="50" delay="0.1" worldSpace="false"/>
				<effectNode effectClass="ParticleEffect" effectNode="ef_Apipe_02" particleType="SNOW_CHUNKS" emitCountScale="40" delay="0.2" worldSpace="false"/>
				<effectNode effectClass="ParticleEffect" effectNode="ef_Apipe_03" particleType="SNOW_CHUNKS" emitCountScale="30" delay="0.3" worldSpace="false"/>
				<effectNode effectClass="ParticleEffect" effectNode="ef_Apipe_04" particleType="SNOW_CHUNKS" emitCountScale="20" delay="0.4" worldSpace="false"/>
				<effectNode effectClass="ParticleEffect" effectNode="ef_Apipe_05" particleType="SNOW_CHUNKS" emitCountScale="10" delay="0.5" worldSpace="false"/>
				<effectNode effectClass="ParticleEffect" effectNode="ef_Apipe_06" particleType="SNOW_CHUNKS" emitCountScale="10" delay="0.6" worldSpace="false"/>
				<effectNode effectClass="ParticleEffect" effectNode="ef_Apipe_07" particleType="SNOW_CHUNKS" emitCountScale="10" delay="0.7" worldSpace="false"/>
				<effectNode effectClass="ParticleEffect" effectNode="ef_Apipe_08" particleType="SNOW_CHUNKS" emitCountScale="10" delay="0.8" worldSpace="false"/>
				<effectNode effectClass="ParticleEffect" effectNode="ef_Apipe_09" particleType="SNOW_CHUNKS" emitCountScale="10" delay="0.9" worldSpace="false"/>
				<effectNode effectClass="ParticleEffect" effectNode="ef_Apipe_10" particleType="SNOW_CHUNKS" emitCountScale="10" delay="1.0" worldSpace="false"/>
				<effectNode effectClass="ParticleEffect" effectNode="ef_Apipe_11" particleType="SNOW_CHUNKS" emitCountScale="10" delay="1.1" worldSpace="false"/>
				<effectNode effectClass="ParticleEffect" effectNode="ef_Apipe_12" particleType="SNOW_CHUNKS" emitCountScale="10" delay="1.2" worldSpace="false"/>
				<effectNode effectClass="ParticleEffect" effectNode="ef_Apipe_13" particleType="SNOW_CHUNKS" emitCountScale="10" delay="1.3" worldSpace="false"/>
				
				<effectNode effectClass="ParticleEffect" effectNode="ef_Apipe_big_01" particleType="SNOW_BIG_CHUNKS" emitCountScale="30" delay="0.1" worldSpace="false"/>
				<effectNode effectClass="ParticleEffect" effectNode="ef_Apipe_big_02" particleType="SNOW_BIG_CHUNKS" emitCountScale="30" delay="0.2" worldSpace="false"/>
				<effectNode effectClass="ParticleEffect" effectNode="ef_Apipe_big_03" particleType="SNOW_BIG_CHUNKS" emitCountScale="25" delay="0.3" worldSpace="false"/>
				<effectNode effectClass="ParticleEffect" effectNode="ef_Apipe_big_04" particleType="SNOW_BIG_CHUNKS" emitCountScale="25" delay="0.4" worldSpace="false"/>
				<effectNode effectClass="ParticleEffect" effectNode="ef_Apipe_big_05" particleType="SNOW_BIG_CHUNKS" emitCountScale="20" delay="0.5" worldSpace="false"/>
				<effectNode effectClass="ParticleEffect" effectNode="ef_Apipe_big_06" particleType="SNOW_BIG_CHUNKS" emitCountScale="20" delay="0.6" worldSpace="false"/>
				<effectNode effectClass="ParticleEffect" effectNode="ef_Apipe_big_07" particleType="SNOW_BIG_CHUNKS" emitCountScale="15" delay="0.7" worldSpace="false"/>
				<effectNode effectClass="ParticleEffect" effectNode="ef_Apipe_big_08" particleType="SNOW_BIG_CHUNKS" emitCountScale="15" delay="0.8" worldSpace="false"/>
				<effectNode effectClass="ParticleEffect" effectNode="ef_Apipe_big_09" particleType="SNOW_BIG_CHUNKS" emitCountScale="10" delay="0.9" worldSpace="false"/>
				<effectNode effectClass="ParticleEffect" effectNode="ef_Apipe_big_10" particleType="SNOW_BIG_CHUNKS" emitCountScale="10" delay="1.0" worldSpace="false"/>
				<effectNode effectClass="ParticleEffect" effectNode="ef_Apipe_big_11" particleType="SNOW_BIG_CHUNKS" emitCountScale="10" delay="1.1" worldSpace="false"/>
				<effectNode effectClass="ParticleEffect" effectNode="ef_Apipe_big_12" particleType="SNOW_BIG_CHUNKS" emitCountScale="10" delay="1.2" worldSpace="false"/>
				<effectNode effectClass="ParticleEffect" effectNode="ef_Apipe_big_13" particleType="SNOW_BIG_CHUNKS" emitCountScale="10" delay="1.3" worldSpace="false"/>
				
				<effectNode effectClass="ParticleEffect" effectNode="ef_Apipe_unload_01" particleType="UNLOADING" emitCountScale="5" delay="0.1" worldSpace="false"/>
				<effectNode effectClass="ParticleEffect" effectNode="ef_Apipe_unload_02" particleType="UNLOADING" emitCountScale="5" delay="0.2" worldSpace="false"/>
				<effectNode effectClass="ParticleEffect" effectNode="ef_Apipe_unload_03" particleType="UNLOADING" emitCountScale="4" delay="0.3" worldSpace="false"/>
				<effectNode effectClass="ParticleEffect" effectNode="ef_Apipe_unload_04" particleType="UNLOADING" emitCountScale="4" delay="0.4" worldSpace="false"/>
				<effectNode effectClass="ParticleEffect" effectNode="ef_Apipe_unload_05" particleType="UNLOADING" emitCountScale="3" delay="0.5" worldSpace="false"/>
				<effectNode effectClass="ParticleEffect" effectNode="ef_Apipe_unload_06" particleType="UNLOADING" emitCountScale="3" delay="0.6" worldSpace="false"/>
				<effectNode effectClass="ParticleEffect" effectNode="ef_Apipe_unload_07" particleType="UNLOADING" emitCountScale="2" delay="0.7" worldSpace="false"/>
				<effectNode effectClass="ParticleEffect" effectNode="ef_Apipe_unload_08" particleType="UNLOADING" emitCountScale="2" delay="0.8" worldSpace="false"/>
				<effectNode effectClass="ParticleEffect" effectNode="ef_Apipe_unload_09" particleType="UNLOADING" emitCountScale="2" delay="0.9" worldSpace="false"/>
				<effectNode effectClass="ParticleEffect" effectNode="ef_Apipe_unload_10" particleType="UNLOADING" emitCountScale="1" delay="1.0" worldSpace="false"/>
				<effectNode effectClass="ParticleEffect" effectNode="ef_Apipe_unload_11" particleType="UNLOADING" emitCountScale="1" delay="1.1" worldSpace="false"/>
				<effectNode effectClass="ParticleEffect" effectNode="ef_Apipe_unload_12" particleType="UNLOADING" emitCountScale="1" delay="1.2" worldSpace="false"/>
				<effectNode effectClass="ParticleEffect" effectNode="ef_Apipe_unload_13" particleType="UNLOADING" emitCountScale="1" delay="1.3" worldSpace="false"/>
				
				<effectNode effectClass="ParticleEffect" effectNode="ef_Apipe_smoke_01" particleType="SNOW_SMOKE" emitCountScale="1" delay="0.1" worldSpace="false"/>
				<effectNode effectClass="ParticleEffect" effectNode="ef_Apipe_smoke_02" particleType="SNOW_SMOKE" emitCountScale="2" delay="0.2" worldSpace="false"/>
				<effectNode effectClass="ParticleEffect" effectNode="ef_Apipe_smoke_03" particleType="SNOW_SMOKE" emitCountScale="3" delay="0.3" worldSpace="false"/>
				<effectNode effectClass="ParticleEffect" effectNode="ef_Apipe_smoke_04" particleType="SNOW_SMOKE" emitCountScale="4" delay="0.4" worldSpace="false"/>
				<effectNode effectClass="ParticleEffect" effectNode="ef_Apipe_smoke_05" particleType="SNOW_SMOKE" emitCountScale="5" delay="0.5" worldSpace="false"/>
				<effectNode effectClass="ParticleEffect" effectNode="ef_Apipe_smoke_06" particleType="SNOW_SMOKE" emitCountScale="6" delay="0.6" worldSpace="false"/>
				<effectNode effectClass="ParticleEffect" effectNode="ef_Apipe_smoke_07" particleType="SNOW_SMOKE" emitCountScale="7" delay="0.7" worldSpace="false"/>
				<effectNode effectClass="ParticleEffect" effectNode="ef_Apipe_smoke_08" particleType="SNOW_SMOKE" emitCountScale="8" delay="0.8" worldSpace="false"/>
				<effectNode effectClass="ParticleEffect" effectNode="ef_Apipe_smoke_09" particleType="SNOW_SMOKE" emitCountScale="9" delay="0.9" worldSpace="false"/>
				<effectNode effectClass="ParticleEffect" effectNode="ef_Apipe_smoke_10" particleType="SNOW_SMOKE" emitCountScale="10" delay="1.0" worldSpace="false"/>
				<effectNode effectClass="ParticleEffect" effectNode="ef_Apipe_smoke_11" particleType="SNOW_SMOKE" emitCountScale="10" delay="1.1" worldSpace="false"/>
				<effectNode effectClass="ParticleEffect" effectNode="ef_Apipe_smoke_12" particleType="SNOW_SMOKE" emitCountScale="10" delay="1.2" worldSpace="false"/>
				<effectNode effectClass="ParticleEffect" effectNode="ef_Apipe_smoke_13" particleType="SNOW_SMOKE" emitCountScale="10" delay="1.3" worldSpace="false"/>
            </effects>
        </dischargeNode>
		
		<dischargeNode node="0>9" emptySpeed="5000" fillUnitIndex="1" maxDistance="60" canStartDischargeAutomatically="true" stopDischargeOnEmpty="false" >
            <info width="25.0" length="1" />
            <effects>				
				
				<!-- Particule Blower -->
				<effectNode effectNode="0>8|5" materialType="unloading" materialTypeId="1" fadeTime="0.5" useDistance="false" fadeScale="0"/><!-- BlowerSnowMesh -->
				<effectNode effectClass="ParticleEffect" effectNode="0>8|0" particleType="SNOW" emitCountScale="2" worldSpace="false"/><!-- emitshape -->
				<effectNode effectClass="ParticleEffect" effectNode="0>8|1" particleType="SNOW_CHUNKS" emitCountScale="2" worldSpace="false"/><!-- emitshapeChunks -->
				<effectNode effectClass="ParticleEffect" effectNode="0>8|2" particleType="SNOW_BIG_CHUNKS" emitCountScale="1" worldSpace="false"/><!-- emitshapeChunksBig -->
				<effectNode effectClass="ParticleEffect" effectNode="0>8|3" particleType="SNOW_BIG_CHUNKS" emitCountScale="4" worldSpace="false"/><!-- emitshapeChunksBig2 -->
				<effectNode effectClass="ParticleEffect" effectNode="0>8|4" particleType="SNOW_SMOKE" emitCountScale="5"/><!-- emitshapeSmoke -->
				
				<!-- Particule Tambour -->
				<effectNode effectClass="ParticleEffect" effectNode="ef_outR_01" particleType="SNOW_CHUNKS" emitCountScale="50" delay="0.1" worldSpace="false"/>
				<effectNode effectClass="ParticleEffect" effectNode="ef_outR_02" particleType="SNOW_CHUNKS" emitCountScale="40" delay="0.2" worldSpace="false"/>
				<effectNode effectClass="ParticleEffect" effectNode="ef_outR_03" particleType="SNOW_CHUNKS" emitCountScale="30" delay="0.3" worldSpace="false"/>
				<effectNode effectClass="ParticleEffect" effectNode="ef_outR_04" particleType="SNOW_CHUNKS" emitCountScale="20" delay="0.4" worldSpace="false"/>
				<effectNode effectClass="ParticleEffect" effectNode="ef_outR_05" particleType="SNOW_CHUNKS" emitCountScale="10" delay="0.5" worldSpace="false"/>
				<effectNode effectClass="ParticleEffect" effectNode="ef_outR_06" particleType="SNOW_CHUNKS" emitCountScale="10" delay="0.6" worldSpace="false"/>
				<effectNode effectClass="ParticleEffect" effectNode="ef_outR_07" particleType="SNOW_CHUNKS" emitCountScale="10" delay="0.7" worldSpace="false"/>
				<effectNode effectClass="ParticleEffect" effectNode="ef_outR_08" particleType="SNOW_CHUNKS" emitCountScale="10" delay="0.8" worldSpace="false"/>
				<effectNode effectClass="ParticleEffect" effectNode="ef_outR_09" particleType="SNOW_CHUNKS" emitCountScale="10" delay="0.9" worldSpace="false"/>
				<effectNode effectClass="ParticleEffect" effectNode="ef_outR_10" particleType="SNOW_CHUNKS" emitCountScale="10" delay="1.0" worldSpace="false"/>
				<effectNode effectClass="ParticleEffect" effectNode="ef_outR_11" particleType="SNOW_CHUNKS" emitCountScale="10" delay="1.1" worldSpace="false"/>
				<effectNode effectClass="ParticleEffect" effectNode="ef_outR_12" particleType="SNOW_CHUNKS" emitCountScale="10" delay="1.2" worldSpace="false"/>
				<effectNode effectClass="ParticleEffect" effectNode="ef_outR_13" particleType="SNOW_CHUNKS" emitCountScale="10" delay="1.3" worldSpace="false"/>
				<effectNode effectClass="ParticleEffect" effectNode="ef_outR_14" particleType="SNOW_CHUNKS" emitCountScale="10" delay="1.4" worldSpace="false"/>
				<effectNode effectClass="ParticleEffect" effectNode="ef_outR_15" particleType="SNOW_CHUNKS" emitCountScale="10" delay="1.5" worldSpace="false"/>
				
				<effectNode effectClass="ParticleEffect" effectNode="ef_outR_Big_01" particleType="SNOW_BIG_CHUNKS" emitCountScale="30" delay="0.1" worldSpace="false"/>
				<effectNode effectClass="ParticleEffect" effectNode="ef_outR_Big_02" particleType="SNOW_BIG_CHUNKS" emitCountScale="30" delay="0.2" worldSpace="false"/>
				<effectNode effectClass="ParticleEffect" effectNode="ef_outR_Big_03" particleType="SNOW_BIG_CHUNKS" emitCountScale="25" delay="0.3" worldSpace="false"/>
				<effectNode effectClass="ParticleEffect" effectNode="ef_outR_Big_04" particleType="SNOW_BIG_CHUNKS" emitCountScale="25" delay="0.4" worldSpace="false"/>
				<effectNode effectClass="ParticleEffect" effectNode="ef_outR_Big_05" particleType="SNOW_BIG_CHUNKS" emitCountScale="20" delay="0.5" worldSpace="false"/>
				<effectNode effectClass="ParticleEffect" effectNode="ef_outR_Big_06" particleType="SNOW_BIG_CHUNKS" emitCountScale="20" delay="0.6" worldSpace="false"/>
				<effectNode effectClass="ParticleEffect" effectNode="ef_outR_Big_07" particleType="SNOW_BIG_CHUNKS" emitCountScale="15" delay="0.7" worldSpace="false"/>
				<effectNode effectClass="ParticleEffect" effectNode="ef_outR_Big_08" particleType="SNOW_BIG_CHUNKS" emitCountScale="15" delay="0.8" worldSpace="false"/>
				<effectNode effectClass="ParticleEffect" effectNode="ef_outR_Big_09" particleType="SNOW_BIG_CHUNKS" emitCountScale="10" delay="0.9" worldSpace="false"/>
				<effectNode effectClass="ParticleEffect" effectNode="ef_outR_Big_10" particleType="SNOW_BIG_CHUNKS" emitCountScale="10" delay="1.0" worldSpace="false"/>
				<effectNode effectClass="ParticleEffect" effectNode="ef_outR_Big_11" particleType="SNOW_BIG_CHUNKS" emitCountScale="10" delay="1.1" worldSpace="false"/>
				<effectNode effectClass="ParticleEffect" effectNode="ef_outR_Big_12" particleType="SNOW_BIG_CHUNKS" emitCountScale="10" delay="1.2" worldSpace="false"/>
				<effectNode effectClass="ParticleEffect" effectNode="ef_outR_Big_13" particleType="SNOW_BIG_CHUNKS" emitCountScale="10" delay="1.3" worldSpace="false"/>
				<effectNode effectClass="ParticleEffect" effectNode="ef_outR_Big_14" particleType="SNOW_BIG_CHUNKS" emitCountScale="10" delay="1.4" worldSpace="false"/>
				<effectNode effectClass="ParticleEffect" effectNode="ef_outR_Big_15" particleType="SNOW_BIG_CHUNKS" emitCountScale="10" delay="1.5" worldSpace="false"/>
				
				<effectNode effectClass="ParticleEffect" effectNode="ef_Unload_R_01" particleType="UNLOADING" emitCountScale="5" delay="0.1" worldSpace="false"/>
				<effectNode effectClass="ParticleEffect" effectNode="ef_Unload_R_02" particleType="UNLOADING" emitCountScale="5" delay="0.2" worldSpace="false"/>
				<effectNode effectClass="ParticleEffect" effectNode="ef_Unload_R_03" particleType="UNLOADING" emitCountScale="4" delay="0.3" worldSpace="false"/>
				<effectNode effectClass="ParticleEffect" effectNode="ef_Unload_R_04" particleType="UNLOADING" emitCountScale="4" delay="0.4" worldSpace="false"/>
				<effectNode effectClass="ParticleEffect" effectNode="ef_Unload_R_05" particleType="UNLOADING" emitCountScale="4" delay="0.5" worldSpace="false"/>
				<effectNode effectClass="ParticleEffect" effectNode="ef_Unload_R_06" particleType="UNLOADING" emitCountScale="3" delay="0.6" worldSpace="false"/>
				<effectNode effectClass="ParticleEffect" effectNode="ef_Unload_R_07" particleType="UNLOADING" emitCountScale="3" delay="0.7" worldSpace="false"/>
				<effectNode effectClass="ParticleEffect" effectNode="ef_Unload_R_08" particleType="UNLOADING" emitCountScale="3" delay="0.8" worldSpace="false"/>
				<effectNode effectClass="ParticleEffect" effectNode="ef_Unload_R_09" particleType="UNLOADING" emitCountScale="2" delay="0.9" worldSpace="false"/>
				<effectNode effectClass="ParticleEffect" effectNode="ef_Unload_R_10" particleType="UNLOADING" emitCountScale="2" delay="1.0" worldSpace="false"/>
				<effectNode effectClass="ParticleEffect" effectNode="ef_Unload_R_11" particleType="UNLOADING" emitCountScale="2" delay="1.1" worldSpace="false"/>
				<effectNode effectClass="ParticleEffect" effectNode="ef_Unload_R_12" particleType="UNLOADING" emitCountScale="1" delay="1.2" worldSpace="false"/>
				<effectNode effectClass="ParticleEffect" effectNode="ef_Unload_R_13" particleType="UNLOADING" emitCountScale="1" delay="1.3" worldSpace="false"/>
				<effectNode effectClass="ParticleEffect" effectNode="ef_Unload_R_14" particleType="UNLOADING" emitCountScale="1" delay="1.4" worldSpace="false"/>
				<effectNode effectClass="ParticleEffect" effectNode="ef_Unload_R_15" particleType="UNLOADING" emitCountScale="1" delay="1.5" worldSpace="false"/>				
				
				<effectNode effectClass="ParticleEffect" effectNode="ef_outR_smoke_01" particleType="SNOW_SMOKE" emitCountScale="1" delay="0.1" worldSpace="true"/>
				<effectNode effectClass="ParticleEffect" effectNode="ef_outR_smoke_02" particleType="SNOW_SMOKE" emitCountScale="2" delay="0.2" worldSpace="true"/>
				<effectNode effectClass="ParticleEffect" effectNode="ef_outR_smoke_03" particleType="SNOW_SMOKE" emitCountScale="3" delay="0.3" worldSpace="true"/>
				<effectNode effectClass="ParticleEffect" effectNode="ef_outR_smoke_04" particleType="SNOW_SMOKE" emitCountScale="4" delay="0.4" worldSpace="true"/>
				<effectNode effectClass="ParticleEffect" effectNode="ef_outR_smoke_05" particleType="SNOW_SMOKE" emitCountScale="5" delay="0.5" worldSpace="true"/>
				<effectNode effectClass="ParticleEffect" effectNode="ef_outR_smoke_06" particleType="SNOW_SMOKE" emitCountScale="6" delay="0.6" worldSpace="true"/>
				<effectNode effectClass="ParticleEffect" effectNode="ef_outR_smoke_07" particleType="SNOW_SMOKE" emitCountScale="7" delay="0.7" worldSpace="true"/>
				<effectNode effectClass="ParticleEffect" effectNode="ef_outR_smoke_08" particleType="SNOW_SMOKE" emitCountScale="8" delay="0.8" worldSpace="true"/>
				<effectNode effectClass="ParticleEffect" effectNode="ef_outR_smoke_09" particleType="SNOW_SMOKE" emitCountScale="9" delay="0.9" worldSpace="true"/>
				<effectNode effectClass="ParticleEffect" effectNode="ef_outR_smoke_10" particleType="SNOW_SMOKE" emitCountScale="10" delay="1.0" worldSpace="true"/>
				<effectNode effectClass="ParticleEffect" effectNode="ef_outR_smoke_11" particleType="SNOW_SMOKE" emitCountScale="10" delay="1.1" worldSpace="true"/>
				<effectNode effectClass="ParticleEffect" effectNode="ef_outR_smoke_12" particleType="SNOW_SMOKE" emitCountScale="10" delay="1.2" worldSpace="true"/>
				<effectNode effectClass="ParticleEffect" effectNode="ef_outR_smoke_13" particleType="SNOW_SMOKE" emitCountScale="10" delay="1.3" worldSpace="true"/>
				<effectNode effectClass="ParticleEffect" effectNode="ef_outR_smoke_14" particleType="SNOW_SMOKE" emitCountScale="10" delay="1.4" worldSpace="true"/>
				<effectNode effectClass="ParticleEffect" effectNode="ef_outR_smoke_15" particleType="SNOW_SMOKE" emitCountScale="10" delay="1.5" worldSpace="true"/>
            </effects>
        </dischargeNode>	
    </dischargeable>

    <pipe>
        <unloadingTriggers>
            <unloadingTrigger node="0>7"/>
        </unloadingTriggers>
        <pipeNodes>
            <pipeNode node="0>5|3" rotationSpeeds="40 40 40" autoAimYRotation="true" autoAimInvertZ="false">
                <state1 rotation="0 0 0"/>
                <state2 rotation="0 -90 0"/>
            </pipeNode>
            <pipeNode node="0>5|3|2|1" rotationSpeeds="50 0 0" autoAimXRotation="true" minRotationLimits="-50 - -" maxRotationLimits="50 - -" bendingRegulation="0">
                <state1 rotation="0 0 0"/>
                <state2 rotation="0 0 0"/>
                <bendingRegulationNode node="0>5|3|2|1|1" axis="1" direction="1"/>
            </pipeNode>
        </pipeNodes>
        <states num="2" unloading="2" autoAiming="2" turnOnAllowed="2"/>
    </pipe>
    
    <shovel>
        <shovelNode node="0>4" fillUnitIndex="1" width="1.5" length="0.3" yOffset="-0.02" zOffset="0" needsMovement="false" needsActivation="true" fillLitersPerSecond="5000" >
		</shovelNode>
	</shovel>
    
    <turnOnVehicle turnOffIfNotAllowed="true">
        <sounds>
            <start template="DEFAULT_MOWER_START"/>
            
            <work template="DEFAULT_MOWER_WORK"/>
            
            <stop template="DEFAULT_MOWER_STOP"/>
        </sounds>
        
        <animationNodes>
            <animationNode node="0>5|4" rotSpeed="1000" rotAxis="1" turnOnFadeTime="1" turnOffFadeTime="3"/>
            <animationNode node="0>5|2" rotSpeed="-700" rotAxis="3" turnOnFadeTime="1" turnOffFadeTime="3"/>
            <animationNode node="0>5|5" rotSpeed="1000" rotAxis="1" turnOnFadeTime="1" turnOffFadeTime="3"/>
        </animationNodes>
    </turnOnVehicle>
    
    <washable dirtDuration="90" washDuration="1" workMultiplier="4"/>
   
    <ai>
        <needsLowering value="true"/>
        <areaMarkers leftNode="0>5|0|0|0" rightNode="0>5|0|0|1" backNode="0>5|0|0|2"/>
        <sizeMarkers leftNode="0>5|0|1|0" rightNode="0>5|0|1|1" backNode="0>5|0|1|2"/>
        <collisionTrigger node="0>5|0|2"/>
    </ai>
	
    <i3dMappings>
	    <i3dMapping id="ef_Apipe_01" node="0>5|3|2|1|3|0|0" />
        <i3dMapping id="ef_Apipe_big_01" node="0>5|3|2|1|3|0|1" />
        <i3dMapping id="ef_Apipe_smoke_01" node="0>5|3|2|1|3|0|2" />
        <i3dMapping id="ef_Apipe_unload_01" node="0>5|3|2|1|3|0|3" />
        <i3dMapping id="ef_Apipe_02" node="0>5|3|2|1|3|1|0" />
        <i3dMapping id="ef_Apipe_big_02" node="0>5|3|2|1|3|1|1" />
        <i3dMapping id="ef_Apipe_smoke_02" node="0>5|3|2|1|3|1|2" />
        <i3dMapping id="ef_Apipe_unload_02" node="0>5|3|2|1|3|1|3" />
        <i3dMapping id="ef_Apipe_03" node="0>5|3|2|1|3|2|0" />
        <i3dMapping id="ef_Apipe_big_03" node="0>5|3|2|1|3|2|1" />
        <i3dMapping id="ef_Apipe_smoke_03" node="0>5|3|2|1|3|2|2" />
        <i3dMapping id="ef_Apipe_unload_03" node="0>5|3|2|1|3|2|3" />
        <i3dMapping id="ef_Apipe_04" node="0>5|3|2|1|3|3|0" />
        <i3dMapping id="ef_Apipe_big_04" node="0>5|3|2|1|3|3|1" />
        <i3dMapping id="ef_Apipe_smoke_04" node="0>5|3|2|1|3|3|2" />
        <i3dMapping id="ef_Apipe_unload_04" node="0>5|3|2|1|3|3|3" />
        <i3dMapping id="ef_Apipe_05" node="0>5|3|2|1|3|4|0" />
        <i3dMapping id="ef_Apipe_big_05" node="0>5|3|2|1|3|4|1" />
        <i3dMapping id="ef_Apipe_smoke_05" node="0>5|3|2|1|3|4|2" />
        <i3dMapping id="ef_Apipe_unload_05" node="0>5|3|2|1|3|4|3" />
        <i3dMapping id="ef_Apipe_06" node="0>5|3|2|1|3|5|0" />
        <i3dMapping id="ef_Apipe_big_06" node="0>5|3|2|1|3|5|1" />
        <i3dMapping id="ef_Apipe_smoke_06" node="0>5|3|2|1|3|5|2" />
        <i3dMapping id="ef_Apipe_unload_06" node="0>5|3|2|1|3|5|3" />
        <i3dMapping id="ef_Apipe_07" node="0>5|3|2|1|3|6|0" />
        <i3dMapping id="ef_Apipe_big_07" node="0>5|3|2|1|3|6|1" />
        <i3dMapping id="ef_Apipe_smoke_07" node="0>5|3|2|1|3|6|2" />
        <i3dMapping id="ef_Apipe_unload_07" node="0>5|3|2|1|3|6|3" />
        <i3dMapping id="ef_Apipe_08" node="0>5|3|2|1|3|7|0" />
        <i3dMapping id="ef_Apipe_big_08" node="0>5|3|2|1|3|7|1" />
        <i3dMapping id="ef_Apipe_smoke_08" node="0>5|3|2|1|3|7|2" />
        <i3dMapping id="ef_Apipe_unload_08" node="0>5|3|2|1|3|7|3" />
        <i3dMapping id="ef_Apipe_09" node="0>5|3|2|1|3|8|0" />
        <i3dMapping id="ef_Apipe_big_09" node="0>5|3|2|1|3|8|1" />
        <i3dMapping id="ef_Apipe_smoke_09" node="0>5|3|2|1|3|8|2" />
        <i3dMapping id="ef_Apipe_unload_09" node="0>5|3|2|1|3|8|3" />
        <i3dMapping id="ef_Apipe_10" node="0>5|3|2|1|3|9|0" />
        <i3dMapping id="ef_Apipe_big_10" node="0>5|3|2|1|3|9|1" />
        <i3dMapping id="ef_Apipe_smoke_10" node="0>5|3|2|1|3|9|2" />
        <i3dMapping id="ef_Apipe_unload_10" node="0>5|3|2|1|3|9|3" />
        <i3dMapping id="ef_Apipe_11" node="0>5|3|2|1|3|10|0" />
        <i3dMapping id="ef_Apipe_big_11" node="0>5|3|2|1|3|10|1" />
        <i3dMapping id="ef_Apipe_smoke_11" node="0>5|3|2|1|3|10|2" />
        <i3dMapping id="ef_Apipe_unload_11" node="0>5|3|2|1|3|10|3" />
        <i3dMapping id="ef_Apipe_12" node="0>5|3|2|1|3|11|0" />
        <i3dMapping id="ef_Apipe_big_12" node="0>5|3|2|1|3|11|1" />
        <i3dMapping id="ef_Apipe_smoke_12" node="0>5|3|2|1|3|11|2" />
        <i3dMapping id="ef_Apipe_unload_12" node="0>5|3|2|1|3|11|3" />
        <i3dMapping id="ef_Apipe_13" node="0>5|3|2|1|3|12|0" />
        <i3dMapping id="ef_Apipe_big_13" node="0>5|3|2|1|3|12|1" />
        <i3dMapping id="ef_Apipe_smoke_13" node="0>5|3|2|1|3|12|2" />
        <i3dMapping id="ef_Apipe_unload_13" node="0>5|3|2|1|3|12|3" />
		
		
		<i3dMapping id="ef_outR_01" node="0>5|7|0" />
        <i3dMapping id="ef_outR_02" node="0>5|7|1" />
        <i3dMapping id="ef_outR_03" node="0>5|7|2" />
        <i3dMapping id="ef_outR_04" node="0>5|7|3" />
        <i3dMapping id="ef_outR_05" node="0>5|7|4" />
        <i3dMapping id="ef_outR_06" node="0>5|7|5" />
        <i3dMapping id="ef_outR_07" node="0>5|7|6" />
        <i3dMapping id="ef_outR_08" node="0>5|7|7" />
        <i3dMapping id="ef_outR_09" node="0>5|7|8" />
        <i3dMapping id="ef_outR_10" node="0>5|7|9" />
        <i3dMapping id="ef_outR_11" node="0>5|7|10" />
        <i3dMapping id="ef_outR_12" node="0>5|7|11" />
        <i3dMapping id="ef_outR_13" node="0>5|7|12" />
        <i3dMapping id="ef_outR_14" node="0>5|7|13" />
        <i3dMapping id="ef_outR_15" node="0>5|7|14" />
        <i3dMapping id="ef_outR_smoke_01" node="0>5|7|15" />
        <i3dMapping id="ef_outR_smoke_02" node="0>5|7|16" />
        <i3dMapping id="ef_outR_smoke_03" node="0>5|7|17" />
        <i3dMapping id="ef_outR_smoke_04" node="0>5|7|18" />
        <i3dMapping id="ef_outR_smoke_05" node="0>5|7|19" />
        <i3dMapping id="ef_outR_smoke_06" node="0>5|7|20" />
        <i3dMapping id="ef_outR_smoke_07" node="0>5|7|21" />
        <i3dMapping id="ef_outR_smoke_08" node="0>5|7|22" />
        <i3dMapping id="ef_outR_smoke_09" node="0>5|7|23" />
        <i3dMapping id="ef_outR_smoke_10" node="0>5|7|24" />
        <i3dMapping id="ef_outR_smoke_11" node="0>5|7|25" />
        <i3dMapping id="ef_outR_smoke_12" node="0>5|7|26" />
        <i3dMapping id="ef_outR_smoke_13" node="0>5|7|27" />
        <i3dMapping id="ef_outR_smoke_14" node="0>5|7|28" />
        <i3dMapping id="ef_outR_smoke_15" node="0>5|7|29" />
        <i3dMapping id="ef_outR_Big_01" node="0>5|7|30" />
        <i3dMapping id="ef_outR_Big_02" node="0>5|7|31" />
        <i3dMapping id="ef_outR_Big_03" node="0>5|7|32" />
        <i3dMapping id="ef_outR_Big_04" node="0>5|7|33" />
        <i3dMapping id="ef_outR_Big_05" node="0>5|7|34" />
        <i3dMapping id="ef_outR_Big_06" node="0>5|7|35" />
        <i3dMapping id="ef_outR_Big_07" node="0>5|7|36" />
        <i3dMapping id="ef_outR_Big_08" node="0>5|7|37" />
        <i3dMapping id="ef_outR_Big_09" node="0>5|7|38" />
        <i3dMapping id="ef_outR_Big_10" node="0>5|7|39" />
        <i3dMapping id="ef_outR_Big_11" node="0>5|7|40" />
        <i3dMapping id="ef_outR_Big_12" node="0>5|7|41" />
        <i3dMapping id="ef_outR_Big_13" node="0>5|7|42" />
        <i3dMapping id="ef_outR_Big_14" node="0>5|7|43" />
        <i3dMapping id="ef_outR_Big_15" node="0>5|7|44" />
        <i3dMapping id="ef_Unload_R_01" node="0>5|7|45" />
        <i3dMapping id="ef_Unload_R_02" node="0>5|7|46" />
        <i3dMapping id="ef_Unload_R_03" node="0>5|7|47" />
        <i3dMapping id="ef_Unload_R_04" node="0>5|7|48" />
        <i3dMapping id="ef_Unload_R_05" node="0>5|7|49" />
        <i3dMapping id="ef_Unload_R_06" node="0>5|7|50" />
        <i3dMapping id="ef_Unload_R_07" node="0>5|7|51" />
        <i3dMapping id="ef_Unload_R_08" node="0>5|7|52" />
        <i3dMapping id="ef_Unload_R_09" node="0>5|7|53" />
        <i3dMapping id="ef_Unload_R_10" node="0>5|7|54" />
        <i3dMapping id="ef_Unload_R_11" node="0>5|7|55" />
        <i3dMapping id="ef_Unload_R_12" node="0>5|7|56" />
        <i3dMapping id="ef_Unload_R_13" node="0>5|7|57" />
        <i3dMapping id="ef_Unload_R_14" node="0>5|7|58" />
        <i3dMapping id="ef_Unload_R_15" node="0>5|7|59" />
	</i3dMappings>
</vehicle>