﻿<?xml version="1.0" encoding="utf-8" standalone="no" ?>
<vehicle type="carFillable">
    <annotation>Copyright (C) GIANTS Software GmbH, All Rights Reserved.</annotation>
    <storeData>
        <name>            <en>Ford Mustang RTR Spec5</en>
        </name>
        <specs>
            <power>750</power>
            <maxSpeed>260</maxSpeed>
        </specs>
        <functions>
            <function>$l10n_function_car</function>
        </functions>
        <image>icon.dds</image>
        <price>87000</price>
        <lifetime>600</lifetime>
        <rotation>0</rotation>
        <brand>Ford</brand>
        <category>cars</category>
        <shopTranslationOffset>0 0.04 0</shopTranslationOffset>
        <shopRotationOffset>0 0 0</shopRotationOffset>
        <vertexBufferMemoryUsage>1804740</vertexBufferMemoryUsage>
        <indexBufferMemoryUsage>433242</indexBufferMemoryUsage>
        <textureMemoryUsage>15379440</textureMemoryUsage>
        <instanceVertexBufferMemoryUsage>0</instanceVertexBufferMemoryUsage>
        <instanceIndexBufferMemoryUsage>0</instanceIndexBufferMemoryUsage>
    </storeData>
    <base>
        <typeDesc>$l10n_typeDesc_car</typeDesc>
        <filename>ford.i3d</filename>
        <size width="3" length="6.5"/>
        <components count="1">
            <component centerOfMass="0 0.4 -0.25" solverIterationCount="10" mass="1800"/>
        </components>
        <schemaOverlay attacherJointPosition="0 0">
            <default name="DEFAULT_VEHICLE"/>
            <selected name="DEFAULT_VEHICLE_SELECTED"/>
        </schemaOverlay>
    </base>
    <wheels>
        <wheelConfigurations>
            <wheelConfiguration name="Racing Wheels" price="0">
                <wheels autoRotateBackSpeed="2.5">
                    <wheel hasParticles="true" hasTireTracks="true">
                        <physics rotSpeed="1" restLoad="0.5" repr="axisFrontLeft" driveNode="wheelFrontLeft" radius="0.42" width="0.27" forcePointRatio="0.5" initialCompression="25" suspTravel="0.13" spring="14" damper="3" frictionScale="2.5"/>
                        <tire tireTrackAtlasIndex="1" isCareWheel="false"/>
                    </wheel>
                    <wheel hasParticles="true" hasTireTracks="true">
                        <physics rotSpeed="1" restLoad="0.5" repr="axisFrontRight" driveNode="wheelFrontRight" radius="0.42" width="0.27" forcePointRatio="0.5" initialCompression="25" suspTravel="0.13" spring="14" damper="3" frictionScale="2.5"/>
                        <tire tireTrackAtlasIndex="1" isCareWheel="false"/>
                    </wheel>
                    <wheel hasParticles="true" hasTireTracks="true">
                        <physics rotSpeed="0" restLoad="0.7" repr="wheelBackLeft" driveNode="0>0|0|2|0"  radius="0.42" width="0.27" forcePointRatio="0.5" initialCompression="25" suspTravel="0.14" spring="19" damper="3" frictionScale="3"/>
                        <tire tireTrackAtlasIndex="1" isCareWheel="false"/>
                    </wheel>
                    <wheel hasParticles="true" hasTireTracks="true">
                        <physics rotSpeed="0" restLoad="0.7" repr="wheelBackRight" driveNode="0>0|0|3|0" radius="0.42" width="0.27" forcePointRatio="0.5" initialCompression="25" suspTravel="0.14" spring="19" damper="3" frictionScale="3"/>
                        <tire tireTrackAtlasIndex="1" isCareWheel="false"/>
                    </wheel>
                </wheels>
				
				<objectChange node="0>0|0|0|0|0|0|0" visibilityActive="true" visibilityInactive="false"/>
				<objectChange node="0>0|0|1|0|0|0|0" visibilityActive="true" visibilityInactive="false"/>
				<objectChange node="0>0|0|2|0" visibilityActive="true" visibilityInactive="false"/>
				<objectChange node="0>0|0|3|0" visibilityActive="true" visibilityInactive="false"/>
				
				
				<objectChange node="0>0|0|0|0|0|0|1" visibilityActive="false" visibilityInactive="true"/>
				<objectChange node="0>0|0|1|0|0|0|1" visibilityActive="false" visibilityInactive="true"/>
				<objectChange node="0>0|0|2|1" visibilityActive="false" visibilityInactive="true"/>
				<objectChange node="0>0|0|3|1" visibilityActive="false" visibilityInactive="true"/>
				
				
				
				
            </wheelConfiguration>
			
			<wheelConfiguration name="Drift Wheels" price="0">
                <wheels autoRotateBackSpeed="2.5">
                    <wheel hasParticles="true" hasTireTracks="true">
                        <physics rotSpeed="1" restLoad="0.5" repr="axisFrontLeft" driveNode="wheelFrontLeft" radius="0.42" width="0.27" forcePointRatio="0.5" initialCompression="25" suspTravel="0.13" spring="14" damper="3" frictionScale="2.5"/>
                        <tire tireTrackAtlasIndex="1" isCareWheel="false"/>
                    </wheel>
                    <wheel hasParticles="true" hasTireTracks="true">
                        <physics rotSpeed="1" restLoad="0.5" repr="axisFrontRight" driveNode="wheelFrontRight" radius="0.42" width="0.27" forcePointRatio="0.5" initialCompression="25" suspTravel="0.13" spring="14" damper="3" frictionScale="2.5"/>
                        <tire tireTrackAtlasIndex="1" isCareWheel="false"/>
                    </wheel>
                    <wheel hasParticles="true" hasTireTracks="true">
                        <physics rotSpeed="0" restLoad="0.7" repr="wheelBackLeft" driveNode="0>0|0|2|1" radius="0.42" width="0.27" forcePointRatio="0.5" initialCompression="25" suspTravel="0.14" spring="19" damper="3" frictionScale="3"/>
                        <tire tireTrackAtlasIndex="1" isCareWheel="false"/>
                    </wheel>
                    <wheel hasParticles="true" hasTireTracks="true">
                        <physics rotSpeed="0" restLoad="0.7" repr="wheelBackRight" driveNode="0>0|0|3|1" radius="0.42" width="0.27" forcePointRatio="0.5" initialCompression="25" suspTravel="0.14" spring="19" damper="3" frictionScale="3"/>
                        <tire tireTrackAtlasIndex="1" isCareWheel="false"/>
                    </wheel>

                </wheels>
				
				<objectChange node="0>0|0|0|0|0|0|0" visibilityActive="false" visibilityInactive="true"/>
				<objectChange node="0>0|0|1|0|0|0|0" visibilityActive="false" visibilityInactive="true"/>
				<objectChange node="0>0|0|2|0" visibilityActive="false" visibilityInactive="true"/>
				<objectChange node="0>0|0|3|0" visibilityActive="false" visibilityInactive="true"/>
				
				
				<objectChange node="0>0|0|0|0|0|0|1" visibilityActive="true" visibilityInactive="false"/>
				<objectChange node="0>0|0|1|0|0|0|1" visibilityActive="true" visibilityInactive="false"/>
				<objectChange node="0>0|0|2|1" visibilityActive="true" visibilityInactive="false"/>
				<objectChange node="0>0|0|3|1" visibilityActive="true" visibilityInactive="false"/>
				
            </wheelConfiguration>
        </wheelConfigurations>
        <ackermannSteeringConfigurations>
            <ackermannSteering rotSpeed="45" rotMax="45" rotCenterWheel1="3" rotCenterWheel2="4"/>
        </ackermannSteeringConfigurations>
    </wheels>
    <lights>
        <states>
            <state lightTypes="0"/>
            <state lightTypes="0 1"/>
			<state lightTypes="0 1 2"/>
        </states>
        <realLights>
            <low>
                <light node="frontLightLow" lightTypes="0"/>
                <light node="highBeamLow" lightTypes="1"/>
				<light node="0>0|1|10" lightTypes="2"/>
            </low>
            <high>
                <light node="frontLightHigh" lightTypes="0"/>
                <light node="highBeamHigh" lightTypes="1"/>
				 <light node="0>0|1|11" lightTypes="2"/>
                <light node="backLightsHigh1" lightTypes="0 3"/>
                <brakeLight node="backLightsHigh1"/>
                <turnLightLeft node="turnLightLeftFront"/>
                <turnLightLeft node="turnLightLeftBack"/>
                <turnLightRight node="turnLightRightFront"/>
                <turnLightRight node="turnLightRightBack"/>
                <reverseLight node="reverseLight"/>
            </high>
        </realLights>
        <defaultLights>
            <defaultLight shaderNode="0>0|20|0" lightTypes="0 3"intensity="10"/>
			
           
			
			<defaultLight shaderNode="0>0|22|0|0|0|0" lightTypes="0 3"intensity="1"/>
			<defaultLight shaderNode="0>0|22|1|0|0|0" lightTypes="0 3"intensity="1"/>
			
			<defaultLight shaderNode="0>0|20|9" lightTypes="0 3"/>
			
			
            <defaultLight shaderNode="0>0|20|6" lightTypes="1"/>
			
			<defaultLight shaderNode="0>0|20|8" lightTypes="2" intensity="50"/>
			
			
			
			
        </defaultLights>
        <brakeLights>
            <brakeLight shaderNode="0>0|20|1"/>
			<brakeLight shaderNode="0>0|20|0" intensity="30"/>
        </brakeLights>
        <reverseLights>
            <reverseLight shaderNode="0>0|20|5"intensity="20"/>
        </reverseLights>
        <turnLights>
            <turnLightLeft shaderNode="0>0|20|3"/>
            <turnLightRight shaderNode="0>0|20|2"/>
        </turnLights>
        <sounds>
            <switchLight template="SWITCH_01"/>
            <turnLight template="SWITCH_TURNLIGHT"/>
        </sounds>
        <dashboards>
            <dashboard displayType="EMITTER" valueType="lightState" node="0>0|18|0" intensity="1" lightTypes="0" groups="MOTOR_ACTIVE"/>
			<dashboard displayType="EMITTER" valueType="lightState" node="0>0|7|0|0|0" intensity="1" lightTypes="0" groups="MOTOR_ACTIVE"/>
			<dashboard displayType="EMITTER" valueType="lightState" node="0>0|18|1" intensity="1" lightTypes="0" groups="MOTOR_ACTIVE"/>
			
			<dashboard displayType="EMITTER" valueType="turnLightLeft" node="0>0|18|2|0" baseColor="BLACK" emitColor="GREEN" groups="MOTOR_ACTIVE"/>
            <dashboard displayType="EMITTER" valueType="turnLightRight" node="0>0|18|2|1" baseColor="BLACK" emitColor="GREEN" groups="MOTOR_ACTIVE"/>
			
        </dashboards>
    </lights>
    <enterable isTabbable="true">
        <enterReferenceNode node="pickup2014_main_component1"/>
        <exitPoint node="exitPoint"/>
        <cameras count="2">
            <camera node="outdoorCamera1" rotatable="true" rotateNode="outdoorCameraTarget" limit="true" useWorldXZRotation="true" rotMinX="-1.4" rotMaxX="1" transMin="4" transMax="40" translation="0 0 5.5" rotation="-17.5 180 0">
                <raycastNode node="cameraRaycastNode1"/>
                <raycastNode node="cameraRaycastNode2"/>
            </camera>
            <camera node="indoorCamera1" rotatable="true" limit="true" rotMinX="-1.1" rotMaxX="0.4" transMin="0" transMax="0" useMirror="true" isInside="true" positionSmoothingParameter="0" shadowFocusBox="shadowFocusBox"/>
        </cameras>
        <mirrors>
            <mirror node="0>0|19|0" prio="1"/>
            
        </mirrors>
        <characterNode node="player_skin" cameraMinDistance="1.5" spineRotation="-90 0 90">
            <target ikChain="rightFoot" targetNode="player_rightFoot"/>
            <target ikChain="leftFoot" targetNode="player_leftFoot"/>
            <target ikChain="rightArm" targetNode="player_rightHand" poseId="wideFingers"/>
            <target ikChain="leftArm" targetNode="player_leftHand" poseId="wideFingers"/>
        </characterNode>
        <characterTargetNodeModifier node="player_rightFoot" transitionTime="0.1">
            <state node="player_rightFootGas" referenceNode="gasPedal"/>
            <state node="player_rightFootBrake" referenceNode="brakePedal"/>
        </characterTargetNodeModifier>
    </enterable>
   
    <drivable>
        <sounds>
            <waterSplash template="WATER_SPLASH_01"/>
        </sounds>
        <steeringWheel node="steeringWheel" indoorRotation="540" outdoorRotation="60"/>
        <dashboards>
            <dashboard displayType="ROT" valueType="accelerationAxis" node="gasPedal" minRot="0 0 0" maxRot="30 0 0" doInterpolation="true" groups="MOTOR_ACTIVE"/>
            <dashboard displayType="ROT" valueType="decelerationAxis" node="brakePedal" minRot="0 0 0" maxRot="20 0 0" doInterpolation="true" groups="MOTOR_ACTIVE"/>
        </dashboards>
    </drivable>
    <fillUnit>
        <fillUnitConfigurations>
            <fillUnitConfiguration>
                <fillUnits>
                    <fillUnit unit="$l10n_unit_literShort" showOnHud="false" showInShop="false" fillTypes="diesel" capacity="120">
                        <dashboard displayType="ANIMATION" valueType="fillLevel" animName="loadingBarFuel" minValueAnim="0" maxValueAnim="35" groups="MOTOR_ACTIVE"/>
                    </fillUnit>
                </fillUnits>
            </fillUnitConfiguration>
        </fillUnitConfigurations>
    </fillUnit>
    <motorized>
        <consumerConfigurations>
            <consumerConfiguration>
                <consumer fillUnitIndex="1" usage="30" fillType="diesel"/>
                <!-- usage is per hour at max load and max rpm -->
            </consumerConfiguration>
        </consumerConfigurations>
        <differentialConfigurations>
            <differentialConfiguration>
                <differentials>
                    <differential torqueRatio="0.5" maxSpeedRatio="1.8" wheelIndex1="1" wheelIndex2="2"/>
                    <!-- front left-right -->
                    <differential torqueRatio="0.5" maxSpeedRatio="1.8" wheelIndex1="3" wheelIndex2="4"/>
                    <!-- back left-right -->
                    <differential torqueRatio="0.5" maxSpeedRatio="1.8" differentialIndex1="1" differentialIndex2="2"/>
                    <!-- front-back -->
                </differentials>
            </differentialConfiguration>
        </differentialConfigurations>
        <motorConfigurations>
            <motorConfiguration name="5.0-liter Coyote V8" hp="2500" price="0"  dailyUpkeep="0" >
               <motor torqueScale="6.5" minRpm="2000" maxRpm="14000" maxForwardSpeed="260" maxBackwardSpeed="45" brakeForce="7.5" lowBrakeForceScale="0.62" rotInertia="0.0015">
                    <torque rpm="850" torque="0.8"/>
                    <torque rpm="1000" torque="0.9"/>
                    <torque rpm="1450" torque="1"/>
                    <torque rpm="1900" torque="0.75"/>
                    <torque rpm="2200" torque="0.63"/>
                    <torque rpm="18302" torque="0.3"/>
                </motor>
               <transmission minForwardGearRatio="20" maxForwardGearRatio="60" minBackwardGearRatio="20" maxBackwardGearRatio="200" />
            </motorConfiguration>
        </motorConfigurations>
        <exhaustEffects>
            <exhaustEffect node="exhaustParticle" filename="$data/particleSystems/shared/exhaust.i3d" minRpmColor="0.9 0.9 0.9 0.1" maxRpmColor="0.9 0.9 0.9 0.4" minRpmScale="0.02" maxRpmScale="0.25"/>
			 <exhaustEffect node="exhaustParticle1" filename="$data/particleSystems/shared/exhaust.i3d" minRpmColor="0.9 0.9 0.9 0.1" maxRpmColor="0.9 0.9 0.9 0.4" minRpmScale="0.02" maxRpmScale="0.25"/>
			  <exhaustEffect node="exhaustParticle2" filename="$data/particleSystems/shared/exhaust.i3d" minRpmColor="0.9 0.9 0.9 0.1" maxRpmColor="0.9 0.9 0.9 0.4" minRpmScale="0.02" maxRpmScale="0.25"/>
			   <exhaustEffect node="exhaustParticle3" filename="$data/particleSystems/shared/exhaust.i3d" minRpmColor="0.9 0.9 0.9 0.1" maxRpmColor="0.9 0.9 0.9 0.4" minRpmScale="0.02" maxRpmScale="0.25"/>
        </exhaustEffects>
        <dashboards>
            <dashboard displayType="ANIMATION" valueType="rpm" animName="rpmDisplay" minValueAnim="0" maxValueAnim="16000" groups="MOTOR_ACTIVE"/>
            <dashboard displayType="ANIMATION" valueType="speed" animName="speedDisplay" minValueAnim="0" maxValueAnim="260" groups="MOTOR_ACTIVE"/>
            <dashboard displayType="ANIMATION" valueType="motorTemperature" animName="loadingBarTemperature" minValueAnim="0" maxValueAnim="120" groups="MOTOR_ACTIVE"/>
			
			 <dashboard displayType="NUMBER" valueType="speed" numbers="0>0|26|4" numberColor="0.2 0.2 0.2 1" precision="1" groups="MOTOR_ACTIVE" />
			 
        </dashboards>
        <sounds externalSoundFile="sounds/ford.xml"/>
    </motorized>
    <animations>
        <animation name="backDoor">
            <part node="backDoor" startTime="0" endTime="1" startRot="90.35 0 0" endRot="31 0 0"/>
        </animation>
        <animation name="rpmDisplay">
            <part node="0>0|26|3|0" startTime="0" endTime="1" startRot="0 0 0" endRot="0 0 270"/>
        </animation>
        <animation name="speedDisplay">
            <part node="0>0|26|2|0" startTime="0" endTime="1" startRot="0 0 0" endRot="0 0 277"/>
        </animation>
        <animation name="loadingBarTemperature">
            
            <part node="0>0|22|0|0" startTime="0" endTime="1" startRot="0 0 0" endRot="0 0 220"/>
        </animation>
        <animation name="loadingBarFuel">
            <part node="0>0|22|1|0" startTime="0" endTime="1" startRot="0 0 0" endRot="0 0 220"/>
			
			<part node="0>0|26" startTime="0" endTime="0.01" visibility="false" />    
			<part node="0>0|26" startTime="0.01" endTime="0.02" visibility="true" /> 
			
			
			
			
        </animation>
        
    </animations>
    
    <foldable>
        <foldingParts>
            <foldingPart animationName="backDoor" speedScale="1"/>
        </foldingParts>
    </foldable>
    <cylindered>
        <movingTools>
            <movingTool node="backDoor" playSound="true"/>
        </movingTools>
        <movingParts>
            <movingPart node="steeringBarFrontLeft" referencePoint="steeringBarFrontLeftRef" referenceFrame="steeringBarFrontLeftRef" scaleZ="true" isActiveDirty="true"/>
            <movingPart node="steeringBarFrontRight" referencePoint="steeringBarFrontRightRef" referenceFrame="steeringBarFrontRightRef" scaleZ="true" isActiveDirty="true"/>
        </movingParts>
        <sounds>
            <hydraulic template="PICKUP_TRUNK" linkNode="pickup2014_main_component1"/>
        </sounds>
    </cylindered>
    <suspensions>
        <suspension useCharacterTorso="true" weight="90" minRotation="0 -5 -5" maxRotation="0 5 5" suspensionParametersY="7 1" suspensionParametersZ="7 1"/>
    </suspensions>
    <dashboard>
        <groups>
            <group name="MOTOR_STARTING" isMotorStarting="true"/>
            <group name="MOTOR_ACTIVE" isMotorStarting="true" isMotorRunning="true"/>
        </groups>
        <default>
            <dashboard displayType="EMITTER" node="0>0|21|1" idleValue="0" intensity="50" groups="MOTOR_ACTIVE"/>
			
			
			<dashboard displayType="VISIBILITY" node="0>0|26|4" groups="MOTOR_ACTIVE" />
			<dashboard displayType="VISIBILITY" node="0>0|26|5" groups="MOTOR_ACTIVE" />
			
			
			<dashboard displayType="EMITTER" node="0>0|20|16" idleValue="0" intensity="2" groups="MOTOR_ACTIVE"/>
			<dashboard displayType="EMITTER" node="0>0|20|11" idleValue="0" intensity="2" groups="MOTOR_ACTIVE"/>
			<dashboard displayType="EMITTER" node="0>0|20|12" idleValue="0" intensity="2" groups="MOTOR_ACTIVE"/>
			<dashboard displayType="EMITTER" node="0>0|20|13" idleValue="0" intensity="2" groups="MOTOR_ACTIVE"/>
			<dashboard displayType="EMITTER" node="0>0|20|14" idleValue="0" intensity="2" groups="MOTOR_ACTIVE"/>
			<dashboard displayType="EMITTER" node="0>0|20|15" idleValue="0" intensity="2" groups="MOTOR_ACTIVE"/>
        </default>
    </dashboard>
    <ai>
        <collisionTrigger node="aiCollisionTrigger"/>
    </ai>
    <honk>
        <sound template="HONK_JD8400R"/>
    </honk>
   
    <foliageBending>
        <bendingNode minX="-1.15" maxX="1.15" minZ="-3" maxZ="3" yOffset="0.3"/>
    </foliageBending>
    
	
	<designConfigurations title="Accent Colors">
	
	
	
	<designConfiguration name="Lead Foot Grey" price="0">

			
		<!--Wheel Front Left-->
			<objectChange node="0>0|0|0|0|0|0|0|0|0" visibilityActive="false" visibilityInactive="true"/>
			<objectChange node="0>0|0|0|0|0|0|1|0|0" visibilityActive="false" visibilityInactive="true"/>
			
			<objectChange node="0>0|0|0|0|0|0|0|0|1" visibilityActive="false" visibilityInactive="true"/>
			<objectChange node="0>0|0|0|0|0|0|1|0|1" visibilityActive="false" visibilityInactive="true"/>
			
			<objectChange node="0>0|0|0|0|0|0|0|0|2" visibilityActive="false" visibilityInactive="true"/>
			<objectChange node="0>0|0|0|0|0|0|1|0|2" visibilityActive="false" visibilityInactive="true"/>
			
			<objectChange node="0>0|0|0|0|0|0|0|0|3" visibilityActive="false" visibilityInactive="true"/>
			<objectChange node="0>0|0|0|0|0|0|1|0|3" visibilityActive="false" visibilityInactive="true"/>
			
			<objectChange node="0>0|0|0|0|0|0|0|0|4" visibilityActive="false" visibilityInactive="true"/>
			<objectChange node="0>0|0|0|0|0|0|1|0|4" visibilityActive="false" visibilityInactive="true"/>
			
			<objectChange node="0>0|0|0|0|0|0|0|0|5" visibilityActive="true" visibilityInactive="false"/>
			<objectChange node="0>0|0|0|0|0|0|1|0|5" visibilityActive="true" visibilityInactive="false"/>
			
		<!--Wheel Front Right-->

			<objectChange node="0>0|0|1|0|0|0|0|0|0" visibilityActive="false" visibilityInactive="true"/>
			<objectChange node="0>0|0|1|0|0|0|1|0|0" visibilityActive="false" visibilityInactive="true"/>
			
			<objectChange node="0>0|0|1|0|0|0|0|0|1" visibilityActive="false" visibilityInactive="true"/>
			<objectChange node="0>0|0|1|0|0|0|1|0|1" visibilityActive="false" visibilityInactive="true"/>
			
			<objectChange node="0>0|0|1|0|0|0|0|0|2" visibilityActive="false" visibilityInactive="true"/>
			<objectChange node="0>0|0|1|0|0|0|1|0|2" visibilityActive="false" visibilityInactive="true"/>
			
			<objectChange node="0>0|0|1|0|0|0|0|0|3" visibilityActive="false" visibilityInactive="true"/>
			<objectChange node="0>0|0|1|0|0|0|1|0|3" visibilityActive="false" visibilityInactive="true"/>
			
			<objectChange node="0>0|0|1|0|0|0|0|0|4" visibilityActive="false" visibilityInactive="true"/>
			<objectChange node="0>0|0|1|0|0|0|1|0|4" visibilityActive="false" visibilityInactive="true"/>
			
			<objectChange node="0>0|0|1|0|0|0|0|0|5" visibilityActive="true" visibilityInactive="false"/>
			<objectChange node="0>0|0|1|0|0|0|1|0|5" visibilityActive="true" visibilityInactive="false"/>
			
			
		<!--Wheel Back Left-->	
		
			<objectChange node="0>0|0|2|0|0|0" visibilityActive="false" visibilityInactive="true"/>
			<objectChange node="0>0|0|2|1|0|0" visibilityActive="false" visibilityInactive="true"/>
			
			<objectChange node="0>0|0|2|0|0|1" visibilityActive="false" visibilityInactive="true"/>
			<objectChange node="0>0|0|2|1|0|1" visibilityActive="false" visibilityInactive="true"/>
			
			<objectChange node="0>0|0|2|0|0|2" visibilityActive="false" visibilityInactive="true"/>
			<objectChange node="0>0|0|2|1|0|2" visibilityActive="false" visibilityInactive="true"/>
			
			<objectChange node="0>0|0|2|0|0|3" visibilityActive="false" visibilityInactive="true"/>
			<objectChange node="0>0|0|2|1|0|3" visibilityActive="false" visibilityInactive="true"/>
			
			<objectChange node="0>0|0|2|0|0|4" visibilityActive="false" visibilityInactive="true"/>
			<objectChange node="0>0|0|2|1|0|4" visibilityActive="false" visibilityInactive="true"/>
			
			<objectChange node="0>0|0|2|0|0|5" visibilityActive="true" visibilityInactive="false"/>
			<objectChange node="0>0|0|2|1|0|5" visibilityActive="true" visibilityInactive="false"/>
			
		<!--Wheel Back Right-->
		
			<objectChange node="0>0|0|3|0|0|0" visibilityActive="false" visibilityInactive="true"/>
			<objectChange node="0>0|0|3|1|0|0" visibilityActive="false" visibilityInactive="true"/>
			
			<objectChange node="0>0|0|3|0|0|1" visibilityActive="false" visibilityInactive="true"/>
			<objectChange node="0>0|0|3|1|0|1" visibilityActive="false" visibilityInactive="true"/>
			
			<objectChange node="0>0|0|3|0|0|2" visibilityActive="false" visibilityInactive="true"/>
			<objectChange node="0>0|0|3|1|0|2" visibilityActive="false" visibilityInactive="true"/>
			
			<objectChange node="0>0|0|3|0|0|3" visibilityActive="false" visibilityInactive="true"/>
			<objectChange node="0>0|0|3|1|0|3" visibilityActive="false" visibilityInactive="true"/>
			
			<objectChange node="0>0|0|3|0|0|4" visibilityActive="false" visibilityInactive="true"/>
			<objectChange node="0>0|0|3|1|0|4" visibilityActive="false" visibilityInactive="true"/>
			
			<objectChange node="0>0|0|3|0|0|5" visibilityActive="true" visibilityInactive="false"/>
			<objectChange node="0>0|0|3|1|0|5" visibilityActive="true" visibilityInactive="false"/>
			
			
		<!--Calipper Front Left-->	
		
			<objectChange node="0>0|0|0|0|2" visibilityActive="false" visibilityInactive="true"/>
			<objectChange node="0>0|0|0|0|3" visibilityActive="false" visibilityInactive="true"/>
			<objectChange node="0>0|0|0|0|4" visibilityActive="false" visibilityInactive="true"/>
			<objectChange node="0>0|0|0|0|5" visibilityActive="false" visibilityInactive="true"/>
			<objectChange node="0>0|0|0|0|6" visibilityActive="false" visibilityInactive="true"/>
			<objectChange node="0>0|0|0|0|7" visibilityActive="true" visibilityInactive="false"/>
			
		<!--Calipper Front Right-->	
			
			<objectChange node="0>0|0|1|0|2" visibilityActive="false" visibilityInactive="true"/>
			<objectChange node="0>0|0|1|0|3" visibilityActive="false" visibilityInactive="true"/>
			<objectChange node="0>0|0|1|0|4" visibilityActive="false" visibilityInactive="true"/>
			<objectChange node="0>0|0|1|0|5" visibilityActive="false" visibilityInactive="true"/>
			<objectChange node="0>0|0|1|0|6" visibilityActive="false" visibilityInactive="true"/>			
			<objectChange node="0>0|0|1|0|7" visibilityActive="true" visibilityInactive="false"/>
			
		<!--Body-->
		
			<objectChange node="0>0|16|0" visibilityActive="false" visibilityInactive="true"/>
			<objectChange node="0>0|16|2" visibilityActive="false" visibilityInactive="true"/>
			<objectChange node="0>0|16|3" visibilityActive="false" visibilityInactive="true"/>
			<objectChange node="0>0|16|4" visibilityActive="false" visibilityInactive="true"/>
			<objectChange node="0>0|16|5" visibilityActive="false" visibilityInactive="true"/>
			<objectChange node="0>0|16|6" visibilityActive="true" visibilityInactive="false"/>

		<!--Lights-->
		
			<objectChange node="0>0|20|11" visibilityActive="false" visibilityInactive="true"/>
			<objectChange node="0>0|20|12" visibilityActive="false" visibilityInactive="true"/>
			<objectChange node="0>0|20|13" visibilityActive="false" visibilityInactive="true"/>
			<objectChange node="0>0|20|14" visibilityActive="false" visibilityInactive="true"/>
			<objectChange node="0>0|20|15" visibilityActive="false" visibilityInactive="true"/>
			<objectChange node="0>0|20|16" visibilityActive="true" visibilityInactive="false"/>
		
		<!--Lights In-->
		
			<objectChange node="0>0|26|5" visibilityActive="false" visibilityInactive="true"/>
			<objectChange node="0>0|26|6" visibilityActive="false" visibilityInactive="true"/>
			<objectChange node="0>0|26|7" visibilityActive="false" visibilityInactive="true"/>
			<objectChange node="0>0|26|8" visibilityActive="false" visibilityInactive="true"/>
			<objectChange node="0>0|26|9" visibilityActive="true" visibilityInactive="false"/>
		
        </designConfiguration>
	
	
	
	
       
		<designConfiguration name="Hyper Lime" price="0">

			
		<!--Wheel Front Left-->
			<objectChange node="0>0|0|0|0|0|0|0|0|0" visibilityActive="true" visibilityInactive="false"/>
			<objectChange node="0>0|0|0|0|0|0|1|0|0" visibilityActive="true" visibilityInactive="false"/>
			
			<objectChange node="0>0|0|0|0|0|0|0|0|1" visibilityActive="false" visibilityInactive="true"/>
			<objectChange node="0>0|0|0|0|0|0|1|0|1" visibilityActive="false" visibilityInactive="true"/>
			
			<objectChange node="0>0|0|0|0|0|0|0|0|2" visibilityActive="false" visibilityInactive="true"/>
			<objectChange node="0>0|0|0|0|0|0|1|0|2" visibilityActive="false" visibilityInactive="true"/>
			
			<objectChange node="0>0|0|0|0|0|0|0|0|3" visibilityActive="false" visibilityInactive="true"/>
			<objectChange node="0>0|0|0|0|0|0|1|0|3" visibilityActive="false" visibilityInactive="true"/>
			
			<objectChange node="0>0|0|0|0|0|0|0|0|4" visibilityActive="false" visibilityInactive="true"/>
			<objectChange node="0>0|0|0|0|0|0|1|0|4" visibilityActive="false" visibilityInactive="true"/>
			
			<objectChange node="0>0|0|0|0|0|0|0|0|5" visibilityActive="false" visibilityInactive="true"/>
			<objectChange node="0>0|0|0|0|0|0|1|0|5" visibilityActive="false" visibilityInactive="true"/>
			
		<!--Wheel Front Right-->

			<objectChange node="0>0|0|1|0|0|0|0|0|0" visibilityActive="true" visibilityInactive="false"/>
			<objectChange node="0>0|0|1|0|0|0|1|0|0" visibilityActive="true" visibilityInactive="false"/>
			
			<objectChange node="0>0|0|1|0|0|0|0|0|1" visibilityActive="false" visibilityInactive="true"/>
			<objectChange node="0>0|0|1|0|0|0|1|0|1" visibilityActive="false" visibilityInactive="true"/>
			
			<objectChange node="0>0|0|1|0|0|0|0|0|2" visibilityActive="false" visibilityInactive="true"/>
			<objectChange node="0>0|0|1|0|0|0|1|0|2" visibilityActive="false" visibilityInactive="true"/>
			
			<objectChange node="0>0|0|1|0|0|0|0|0|3" visibilityActive="false" visibilityInactive="true"/>
			<objectChange node="0>0|0|1|0|0|0|1|0|3" visibilityActive="false" visibilityInactive="true"/>
			
			<objectChange node="0>0|0|1|0|0|0|0|0|4" visibilityActive="false" visibilityInactive="true"/>
			<objectChange node="0>0|0|1|0|0|0|1|0|4" visibilityActive="false" visibilityInactive="true"/>
			
			<objectChange node="0>0|0|1|0|0|0|0|0|5" visibilityActive="false" visibilityInactive="true"/>
			<objectChange node="0>0|0|1|0|0|0|1|0|5" visibilityActive="false" visibilityInactive="true"/>
			
			
		<!--Wheel Back Left-->	
		
			<objectChange node="0>0|0|2|0|0|0" visibilityActive="true" visibilityInactive="false"/>
			<objectChange node="0>0|0|2|1|0|0" visibilityActive="true" visibilityInactive="false"/>
			
			<objectChange node="0>0|0|2|0|0|1" visibilityActive="false" visibilityInactive="true"/>
			<objectChange node="0>0|0|2|1|0|1" visibilityActive="false" visibilityInactive="true"/>
			
			<objectChange node="0>0|0|2|0|0|2" visibilityActive="false" visibilityInactive="true"/>
			<objectChange node="0>0|0|2|1|0|2" visibilityActive="false" visibilityInactive="true"/>
			
			<objectChange node="0>0|0|2|0|0|3" visibilityActive="false" visibilityInactive="true"/>
			<objectChange node="0>0|0|2|1|0|3" visibilityActive="false" visibilityInactive="true"/>
			
			<objectChange node="0>0|0|2|0|0|4" visibilityActive="false" visibilityInactive="true"/>
			<objectChange node="0>0|0|2|1|0|4" visibilityActive="false" visibilityInactive="true"/>
			
			<objectChange node="0>0|0|2|0|0|5" visibilityActive="false" visibilityInactive="true"/>
			<objectChange node="0>0|0|2|1|0|5" visibilityActive="false" visibilityInactive="true"/>
			
		<!--Wheel Back Right-->
		
			<objectChange node="0>0|0|3|0|0|0" visibilityActive="true" visibilityInactive="false"/>
			<objectChange node="0>0|0|3|1|0|0" visibilityActive="true" visibilityInactive="false"/>
			
			<objectChange node="0>0|0|3|0|0|1" visibilityActive="false" visibilityInactive="true"/>
			<objectChange node="0>0|0|3|1|0|1" visibilityActive="false" visibilityInactive="true"/>
			
			<objectChange node="0>0|0|3|0|0|2" visibilityActive="false" visibilityInactive="true"/>
			<objectChange node="0>0|0|3|1|0|2" visibilityActive="false" visibilityInactive="true"/>
			
			<objectChange node="0>0|0|3|0|0|3" visibilityActive="false" visibilityInactive="true"/>
			<objectChange node="0>0|0|3|1|0|3" visibilityActive="false" visibilityInactive="true"/>
			
			<objectChange node="0>0|0|3|0|0|4" visibilityActive="false" visibilityInactive="true"/>
			<objectChange node="0>0|0|3|1|0|4" visibilityActive="false" visibilityInactive="true"/>
			
			<objectChange node="0>0|0|3|0|0|5" visibilityActive="false" visibilityInactive="true"/>
			<objectChange node="0>0|0|3|1|0|5" visibilityActive="false" visibilityInactive="true"/>
			
			
		<!--Calipper Front Left-->	
		
			<objectChange node="0>0|0|0|0|2" visibilityActive="true" visibilityInactive="false"/>
			<objectChange node="0>0|0|0|0|3" visibilityActive="false" visibilityInactive="true"/>
			<objectChange node="0>0|0|0|0|4" visibilityActive="false" visibilityInactive="true"/>
			<objectChange node="0>0|0|0|0|5" visibilityActive="false" visibilityInactive="true"/>
			<objectChange node="0>0|0|0|0|6" visibilityActive="false" visibilityInactive="true"/>
			<objectChange node="0>0|0|0|0|7" visibilityActive="false" visibilityInactive="true"/>
			
		<!--Calipper Front Right-->	
			
			<objectChange node="0>0|0|1|0|2" visibilityActive="true" visibilityInactive="false"/>
			<objectChange node="0>0|0|1|0|3" visibilityActive="false" visibilityInactive="true"/>
			<objectChange node="0>0|0|1|0|4" visibilityActive="false" visibilityInactive="true"/>
			<objectChange node="0>0|0|1|0|5" visibilityActive="false" visibilityInactive="true"/>
			<objectChange node="0>0|0|1|0|6" visibilityActive="false" visibilityInactive="true"/>			
			<objectChange node="0>0|0|1|0|7" visibilityActive="false" visibilityInactive="true"/>
			
		<!--Body-->
		
			<objectChange node="0>0|16|0" visibilityActive="true" visibilityInactive="false"/>
			<objectChange node="0>0|16|2" visibilityActive="false" visibilityInactive="true"/>
			<objectChange node="0>0|16|3" visibilityActive="false" visibilityInactive="true"/>
			<objectChange node="0>0|16|4" visibilityActive="false" visibilityInactive="true"/>
			<objectChange node="0>0|16|5" visibilityActive="false" visibilityInactive="true"/>
			<objectChange node="0>0|16|6" visibilityActive="false" visibilityInactive="true"/>

		<!--Lights-->
		
			<objectChange node="0>0|20|11" visibilityActive="true" visibilityInactive="false"/>
			<objectChange node="0>0|20|12" visibilityActive="false" visibilityInactive="true"/>
			<objectChange node="0>0|20|13" visibilityActive="false" visibilityInactive="true"/>
			<objectChange node="0>0|20|14" visibilityActive="false" visibilityInactive="true"/>
			<objectChange node="0>0|20|15" visibilityActive="false" visibilityInactive="true"/>
			<objectChange node="0>0|20|16" visibilityActive="false" visibilityInactive="true"/>
			
			
		<!--Lights In-->
		
			<objectChange node="0>0|26|5" visibilityActive="true" visibilityInactive="false"/>
			<objectChange node="0>0|26|6" visibilityActive="false" visibilityInactive="true"/>
			<objectChange node="0>0|26|7" visibilityActive="false" visibilityInactive="true"/>
			<objectChange node="0>0|26|8" visibilityActive="false" visibilityInactive="true"/>
			<objectChange node="0>0|26|9" visibilityActive="false" visibilityInactive="true"/>
		
		
        </designConfiguration>
		
		<designConfiguration name="Grabber Blue" price="0">

			
		<!--Wheel Front Left-->
			<objectChange node="0>0|0|0|0|0|0|0|0|0" visibilityActive="false" visibilityInactive="true"/>
			<objectChange node="0>0|0|0|0|0|0|1|0|0" visibilityActive="false" visibilityInactive="true"/>
			
			<objectChange node="0>0|0|0|0|0|0|0|0|1" visibilityActive="true" visibilityInactive="false"/>
			<objectChange node="0>0|0|0|0|0|0|1|0|1" visibilityActive="true" visibilityInactive="false"/>
			
			<objectChange node="0>0|0|0|0|0|0|0|0|2" visibilityActive="false" visibilityInactive="true"/>
			<objectChange node="0>0|0|0|0|0|0|1|0|2" visibilityActive="false" visibilityInactive="true"/>
			
			<objectChange node="0>0|0|0|0|0|0|0|0|3" visibilityActive="false" visibilityInactive="true"/>
			<objectChange node="0>0|0|0|0|0|0|1|0|3" visibilityActive="false" visibilityInactive="true"/>
			
			<objectChange node="0>0|0|0|0|0|0|0|0|4" visibilityActive="false" visibilityInactive="true"/>
			<objectChange node="0>0|0|0|0|0|0|1|0|4" visibilityActive="false" visibilityInactive="true"/>
			
			<objectChange node="0>0|0|0|0|0|0|0|0|5" visibilityActive="false" visibilityInactive="true"/>
			<objectChange node="0>0|0|0|0|0|0|1|0|5" visibilityActive="false" visibilityInactive="true"/>
			
		<!--Wheel Front Right-->

			<objectChange node="0>0|0|1|0|0|0|0|0|0" visibilityActive="false" visibilityInactive="true"/>
			<objectChange node="0>0|0|1|0|0|0|1|0|0" visibilityActive="false" visibilityInactive="true"/>
			
			<objectChange node="0>0|0|1|0|0|0|0|0|1" visibilityActive="true" visibilityInactive="false"/>
			<objectChange node="0>0|0|1|0|0|0|1|0|1" visibilityActive="true" visibilityInactive="false"/>
			
			<objectChange node="0>0|0|1|0|0|0|0|0|2" visibilityActive="false" visibilityInactive="true"/>
			<objectChange node="0>0|0|1|0|0|0|1|0|2" visibilityActive="false" visibilityInactive="true"/>
			
			<objectChange node="0>0|0|1|0|0|0|0|0|3" visibilityActive="false" visibilityInactive="true"/>
			<objectChange node="0>0|0|1|0|0|0|1|0|3" visibilityActive="false" visibilityInactive="true"/>
			
			<objectChange node="0>0|0|1|0|0|0|0|0|4" visibilityActive="false" visibilityInactive="true"/>
			<objectChange node="0>0|0|1|0|0|0|1|0|4" visibilityActive="false" visibilityInactive="true"/>
			
			<objectChange node="0>0|0|1|0|0|0|0|0|5" visibilityActive="false" visibilityInactive="true"/>
			<objectChange node="0>0|0|1|0|0|0|1|0|5" visibilityActive="false" visibilityInactive="true"/>
			
			
		<!--Wheel Back Left-->	
		
			<objectChange node="0>0|0|2|0|0|0" visibilityActive="false" visibilityInactive="true"/>
			<objectChange node="0>0|0|2|1|0|0" visibilityActive="false" visibilityInactive="true"/>
			
			<objectChange node="0>0|0|2|0|0|1" visibilityActive="true" visibilityInactive="false"/>
			<objectChange node="0>0|0|2|1|0|1" visibilityActive="true" visibilityInactive="false"/>
			
			<objectChange node="0>0|0|2|0|0|2" visibilityActive="false" visibilityInactive="true"/>
			<objectChange node="0>0|0|2|1|0|2" visibilityActive="false" visibilityInactive="true"/>
			
			<objectChange node="0>0|0|2|0|0|3" visibilityActive="false" visibilityInactive="true"/>
			<objectChange node="0>0|0|2|1|0|3" visibilityActive="false" visibilityInactive="true"/>
			
			<objectChange node="0>0|0|2|0|0|4" visibilityActive="false" visibilityInactive="true"/>
			<objectChange node="0>0|0|2|1|0|4" visibilityActive="false" visibilityInactive="true"/>
			
			<objectChange node="0>0|0|2|0|0|5" visibilityActive="false" visibilityInactive="true"/>
			<objectChange node="0>0|0|2|1|0|5" visibilityActive="false" visibilityInactive="true"/>
			
		<!--Wheel Back Right-->
		
			<objectChange node="0>0|0|3|0|0|0" visibilityActive="false" visibilityInactive="true"/>
			<objectChange node="0>0|0|3|1|0|0" visibilityActive="false" visibilityInactive="true"/>
			
			<objectChange node="0>0|0|3|0|0|1" visibilityActive="true" visibilityInactive="false"/>
			<objectChange node="0>0|0|3|1|0|1" visibilityActive="true" visibilityInactive="false"/>
			
			<objectChange node="0>0|0|3|0|0|2" visibilityActive="false" visibilityInactive="true"/>
			<objectChange node="0>0|0|3|1|0|2" visibilityActive="false" visibilityInactive="true"/>
			
			<objectChange node="0>0|0|3|0|0|3" visibilityActive="false" visibilityInactive="true"/>
			<objectChange node="0>0|0|3|1|0|3" visibilityActive="false" visibilityInactive="true"/>
			
			<objectChange node="0>0|0|3|0|0|4" visibilityActive="false" visibilityInactive="true"/>
			<objectChange node="0>0|0|3|1|0|4" visibilityActive="false" visibilityInactive="true"/>
			
			<objectChange node="0>0|0|3|0|0|5" visibilityActive="false" visibilityInactive="true"/>
			<objectChange node="0>0|0|3|1|0|5" visibilityActive="false" visibilityInactive="true"/>
			
			
		<!--Calipper Front Left-->	
		
			<objectChange node="0>0|0|0|0|2" visibilityActive="false" visibilityInactive="true"/>
			<objectChange node="0>0|0|0|0|3" visibilityActive="true" visibilityInactive="false"/>
			<objectChange node="0>0|0|0|0|4" visibilityActive="false" visibilityInactive="true"/>
			<objectChange node="0>0|0|0|0|5" visibilityActive="false" visibilityInactive="true"/>
			<objectChange node="0>0|0|0|0|6" visibilityActive="false" visibilityInactive="true"/>
			<objectChange node="0>0|0|0|0|7" visibilityActive="false" visibilityInactive="true"/>
			
		<!--Calipper Front Right-->	
			
			<objectChange node="0>0|0|1|0|2" visibilityActive="false" visibilityInactive="true"/>
			<objectChange node="0>0|0|1|0|3" visibilityActive="true" visibilityInactive="false"/>
			<objectChange node="0>0|0|1|0|4" visibilityActive="false" visibilityInactive="true"/>
			<objectChange node="0>0|0|1|0|5" visibilityActive="false" visibilityInactive="true"/>
			<objectChange node="0>0|0|1|0|6" visibilityActive="false" visibilityInactive="true"/>			
			<objectChange node="0>0|0|1|0|7" visibilityActive="false" visibilityInactive="true"/>
			
		<!--Body-->
		
			<objectChange node="0>0|16|0" visibilityActive="false" visibilityInactive="true"/>
			<objectChange node="0>0|16|2" visibilityActive="true" visibilityInactive="false"/>
			<objectChange node="0>0|16|3" visibilityActive="false" visibilityInactive="true"/>
			<objectChange node="0>0|16|4" visibilityActive="false" visibilityInactive="true"/>
			<objectChange node="0>0|16|5" visibilityActive="false" visibilityInactive="true"/>
			<objectChange node="0>0|16|6" visibilityActive="false" visibilityInactive="true"/>

		<!--Lights-->
		
			<objectChange node="0>0|20|11" visibilityActive="false" visibilityInactive="true"/>
			<objectChange node="0>0|20|12" visibilityActive="true" visibilityInactive="false"/>
			<objectChange node="0>0|20|13" visibilityActive="false" visibilityInactive="true"/>
			<objectChange node="0>0|20|14" visibilityActive="false" visibilityInactive="true"/>
			<objectChange node="0>0|20|15" visibilityActive="false" visibilityInactive="true"/>
			<objectChange node="0>0|20|16" visibilityActive="false" visibilityInactive="true"/>
		
		<!--Lights In-->
		
			<objectChange node="0>0|26|5" visibilityActive="false" visibilityInactive="true"/>
			<objectChange node="0>0|26|6" visibilityActive="true" visibilityInactive="false"/>
			<objectChange node="0>0|26|7" visibilityActive="false" visibilityInactive="true"/>
			<objectChange node="0>0|26|8" visibilityActive="false" visibilityInactive="true"/>
			<objectChange node="0>0|26|9" visibilityActive="false" visibilityInactive="true"/>
		
        </designConfiguration>
		
		<designConfiguration name="Orange Fury" price="0">

			
		<!--Wheel Front Left-->
			<objectChange node="0>0|0|0|0|0|0|0|0|0" visibilityActive="false" visibilityInactive="true"/>
			<objectChange node="0>0|0|0|0|0|0|1|0|0" visibilityActive="false" visibilityInactive="true"/>
			
			<objectChange node="0>0|0|0|0|0|0|0|0|1" visibilityActive="false" visibilityInactive="true"/>
			<objectChange node="0>0|0|0|0|0|0|1|0|1" visibilityActive="false" visibilityInactive="true"/>
			
			<objectChange node="0>0|0|0|0|0|0|0|0|2" visibilityActive="true" visibilityInactive="false"/>
			<objectChange node="0>0|0|0|0|0|0|1|0|2" visibilityActive="true" visibilityInactive="false"/>
			
			<objectChange node="0>0|0|0|0|0|0|0|0|3" visibilityActive="false" visibilityInactive="true"/>
			<objectChange node="0>0|0|0|0|0|0|1|0|3" visibilityActive="false" visibilityInactive="true"/>
			
			<objectChange node="0>0|0|0|0|0|0|0|0|4" visibilityActive="false" visibilityInactive="true"/>
			<objectChange node="0>0|0|0|0|0|0|1|0|4" visibilityActive="false" visibilityInactive="true"/>
			
			<objectChange node="0>0|0|0|0|0|0|0|0|5" visibilityActive="false" visibilityInactive="true"/>
			<objectChange node="0>0|0|0|0|0|0|1|0|5" visibilityActive="false" visibilityInactive="true"/>
			
		<!--Wheel Front Right-->

			<objectChange node="0>0|0|1|0|0|0|0|0|0" visibilityActive="false" visibilityInactive="true"/>
			<objectChange node="0>0|0|1|0|0|0|1|0|0" visibilityActive="false" visibilityInactive="true"/>
			
			<objectChange node="0>0|0|1|0|0|0|0|0|1" visibilityActive="false" visibilityInactive="true"/>
			<objectChange node="0>0|0|1|0|0|0|1|0|1" visibilityActive="false" visibilityInactive="true"/>
			
			<objectChange node="0>0|0|1|0|0|0|0|0|2" visibilityActive="true" visibilityInactive="false"/>
			<objectChange node="0>0|0|1|0|0|0|1|0|2" visibilityActive="true" visibilityInactive="false"/>
			
			<objectChange node="0>0|0|1|0|0|0|0|0|3" visibilityActive="false" visibilityInactive="true"/>
			<objectChange node="0>0|0|1|0|0|0|1|0|3" visibilityActive="false" visibilityInactive="true"/>
			
			<objectChange node="0>0|0|1|0|0|0|0|0|4" visibilityActive="false" visibilityInactive="true"/>
			<objectChange node="0>0|0|1|0|0|0|1|0|4" visibilityActive="false" visibilityInactive="true"/>
			
			<objectChange node="0>0|0|1|0|0|0|0|0|5" visibilityActive="false" visibilityInactive="true"/>
			<objectChange node="0>0|0|1|0|0|0|1|0|5" visibilityActive="false" visibilityInactive="true"/>
			
			
		<!--Wheel Back Left-->	
		
			<objectChange node="0>0|0|2|0|0|0" visibilityActive="false" visibilityInactive="true"/>
			<objectChange node="0>0|0|2|1|0|0" visibilityActive="false" visibilityInactive="true"/>
			
			<objectChange node="0>0|0|2|0|0|1" visibilityActive="false" visibilityInactive="true"/>
			<objectChange node="0>0|0|2|1|0|1" visibilityActive="false" visibilityInactive="true"/>
			
			<objectChange node="0>0|0|2|0|0|2" visibilityActive="true" visibilityInactive="false"/>
			<objectChange node="0>0|0|2|1|0|2" visibilityActive="true" visibilityInactive="false"/>
			
			<objectChange node="0>0|0|2|0|0|3" visibilityActive="false" visibilityInactive="true"/>
			<objectChange node="0>0|0|2|1|0|3" visibilityActive="false" visibilityInactive="true"/>
			
			<objectChange node="0>0|0|2|0|0|4" visibilityActive="false" visibilityInactive="true"/>
			<objectChange node="0>0|0|2|1|0|4" visibilityActive="false" visibilityInactive="true"/>
			
			<objectChange node="0>0|0|2|0|0|5" visibilityActive="false" visibilityInactive="true"/>
			<objectChange node="0>0|0|2|1|0|5" visibilityActive="false" visibilityInactive="true"/>
			
		<!--Wheel Back Right-->
		
			<objectChange node="0>0|0|3|0|0|0" visibilityActive="false" visibilityInactive="true"/>
			<objectChange node="0>0|0|3|1|0|0" visibilityActive="false" visibilityInactive="true"/>
			
			<objectChange node="0>0|0|3|0|0|1" visibilityActive="false" visibilityInactive="true"/>
			<objectChange node="0>0|0|3|1|0|1" visibilityActive="false" visibilityInactive="true"/>
			
			<objectChange node="0>0|0|3|0|0|2" visibilityActive="true" visibilityInactive="false"/>
			<objectChange node="0>0|0|3|1|0|2" visibilityActive="true" visibilityInactive="false"/>
			
			<objectChange node="0>0|0|3|0|0|3" visibilityActive="false" visibilityInactive="true"/>
			<objectChange node="0>0|0|3|1|0|3" visibilityActive="false" visibilityInactive="true"/>
			
			<objectChange node="0>0|0|3|0|0|4" visibilityActive="false" visibilityInactive="true"/>
			<objectChange node="0>0|0|3|1|0|4" visibilityActive="false" visibilityInactive="true"/>
			
			<objectChange node="0>0|0|3|0|0|5" visibilityActive="false" visibilityInactive="true"/>
			<objectChange node="0>0|0|3|1|0|5" visibilityActive="false" visibilityInactive="true"/>
			
			
		<!--Calipper Front Left-->	
		
			<objectChange node="0>0|0|0|0|2" visibilityActive="false" visibilityInactive="true"/>
			<objectChange node="0>0|0|0|0|3" visibilityActive="false" visibilityInactive="true"/>
			<objectChange node="0>0|0|0|0|4" visibilityActive="true" visibilityInactive="false"/>
			<objectChange node="0>0|0|0|0|5" visibilityActive="false" visibilityInactive="true"/>
			<objectChange node="0>0|0|0|0|6" visibilityActive="false" visibilityInactive="true"/>
			<objectChange node="0>0|0|0|0|7" visibilityActive="false" visibilityInactive="true"/>
			
		<!--Calipper Front Right-->	
			
			<objectChange node="0>0|0|1|0|2" visibilityActive="false" visibilityInactive="true"/>
			<objectChange node="0>0|0|1|0|3" visibilityActive="false" visibilityInactive="true"/>
			<objectChange node="0>0|0|1|0|4" visibilityActive="true" visibilityInactive="false"/>
			<objectChange node="0>0|0|1|0|5" visibilityActive="false" visibilityInactive="true"/>
			<objectChange node="0>0|0|1|0|6" visibilityActive="false" visibilityInactive="true"/>			
			<objectChange node="0>0|0|1|0|7" visibilityActive="false" visibilityInactive="true"/>
			
		<!--Body-->
		
			<objectChange node="0>0|16|0" visibilityActive="false" visibilityInactive="true"/>
			<objectChange node="0>0|16|2" visibilityActive="false" visibilityInactive="true"/>
			<objectChange node="0>0|16|3" visibilityActive="true" visibilityInactive="false"/>
			<objectChange node="0>0|16|4" visibilityActive="false" visibilityInactive="true"/>
			<objectChange node="0>0|16|5" visibilityActive="false" visibilityInactive="true"/>
			<objectChange node="0>0|16|6" visibilityActive="false" visibilityInactive="true"/>

		<!--Lights-->
		
			<objectChange node="0>0|20|11" visibilityActive="false" visibilityInactive="true"/>
			<objectChange node="0>0|20|12" visibilityActive="false" visibilityInactive="true"/>
			<objectChange node="0>0|20|13" visibilityActive="true" visibilityInactive="false"/>
			<objectChange node="0>0|20|14" visibilityActive="false" visibilityInactive="true"/>
			<objectChange node="0>0|20|15" visibilityActive="false" visibilityInactive="true"/>
			<objectChange node="0>0|20|16" visibilityActive="false" visibilityInactive="true"/>
		
		<!--Lights In-->
		
			<objectChange node="0>0|26|5" visibilityActive="false" visibilityInactive="true"/>
			<objectChange node="0>0|26|6" visibilityActive="false" visibilityInactive="true"/>
			<objectChange node="0>0|26|7" visibilityActive="true" visibilityInactive="false"/>
			<objectChange node="0>0|26|8" visibilityActive="false" visibilityInactive="true"/>
			<objectChange node="0>0|26|9" visibilityActive="false" visibilityInactive="true"/>
		
        </designConfiguration>
		
		<designConfiguration name="Race Red" price="0">

			
		<!--Wheel Front Left-->
			<objectChange node="0>0|0|0|0|0|0|0|0|0" visibilityActive="false" visibilityInactive="true"/>
			<objectChange node="0>0|0|0|0|0|0|1|0|0" visibilityActive="false" visibilityInactive="true"/>
			
			<objectChange node="0>0|0|0|0|0|0|0|0|1" visibilityActive="false" visibilityInactive="true"/>
			<objectChange node="0>0|0|0|0|0|0|1|0|1" visibilityActive="false" visibilityInactive="true"/>
			
			<objectChange node="0>0|0|0|0|0|0|0|0|2" visibilityActive="false" visibilityInactive="true"/>
			<objectChange node="0>0|0|0|0|0|0|1|0|2" visibilityActive="false" visibilityInactive="true"/>
			
			<objectChange node="0>0|0|0|0|0|0|0|0|3" visibilityActive="true" visibilityInactive="false"/>
			<objectChange node="0>0|0|0|0|0|0|1|0|3" visibilityActive="true" visibilityInactive="false"/>
			
			<objectChange node="0>0|0|0|0|0|0|0|0|4" visibilityActive="false" visibilityInactive="true"/>
			<objectChange node="0>0|0|0|0|0|0|1|0|4" visibilityActive="false" visibilityInactive="true"/>
			
			<objectChange node="0>0|0|0|0|0|0|0|0|5" visibilityActive="false" visibilityInactive="true"/>
			<objectChange node="0>0|0|0|0|0|0|1|0|5" visibilityActive="false" visibilityInactive="true"/>
			
		<!--Wheel Front Right-->

			<objectChange node="0>0|0|1|0|0|0|0|0|0" visibilityActive="false" visibilityInactive="true"/>
			<objectChange node="0>0|0|1|0|0|0|1|0|0" visibilityActive="false" visibilityInactive="true"/>
			
			<objectChange node="0>0|0|1|0|0|0|0|0|1" visibilityActive="false" visibilityInactive="true"/>
			<objectChange node="0>0|0|1|0|0|0|1|0|1" visibilityActive="false" visibilityInactive="true"/>
			
			<objectChange node="0>0|0|1|0|0|0|0|0|2" visibilityActive="false" visibilityInactive="true"/>
			<objectChange node="0>0|0|1|0|0|0|1|0|2" visibilityActive="false" visibilityInactive="true"/>
			
			<objectChange node="0>0|0|1|0|0|0|0|0|3" visibilityActive="true" visibilityInactive="false"/>
			<objectChange node="0>0|0|1|0|0|0|1|0|3" visibilityActive="true" visibilityInactive="false"/>
			
			<objectChange node="0>0|0|1|0|0|0|0|0|4" visibilityActive="false" visibilityInactive="true"/>
			<objectChange node="0>0|0|1|0|0|0|1|0|4" visibilityActive="false" visibilityInactive="true"/>
			
			<objectChange node="0>0|0|1|0|0|0|0|0|5" visibilityActive="false" visibilityInactive="true"/>
			<objectChange node="0>0|0|1|0|0|0|1|0|5" visibilityActive="false" visibilityInactive="true"/>
			
			
		<!--Wheel Back Left-->	
		
			<objectChange node="0>0|0|2|0|0|0" visibilityActive="false" visibilityInactive="true"/>
			<objectChange node="0>0|0|2|1|0|0" visibilityActive="false" visibilityInactive="true"/>
			
			<objectChange node="0>0|0|2|0|0|1" visibilityActive="false" visibilityInactive="true"/>
			<objectChange node="0>0|0|2|1|0|1" visibilityActive="false" visibilityInactive="true"/>
			
			<objectChange node="0>0|0|2|0|0|2" visibilityActive="false" visibilityInactive="true"/>
			<objectChange node="0>0|0|2|1|0|2" visibilityActive="false" visibilityInactive="true"/>
			
			<objectChange node="0>0|0|2|0|0|3" visibilityActive="true" visibilityInactive="false"/>
			<objectChange node="0>0|0|2|1|0|3" visibilityActive="true" visibilityInactive="false"/>
			
			<objectChange node="0>0|0|2|0|0|4" visibilityActive="false" visibilityInactive="true"/>
			<objectChange node="0>0|0|2|1|0|4" visibilityActive="false" visibilityInactive="true"/>
			
			<objectChange node="0>0|0|2|0|0|5" visibilityActive="false" visibilityInactive="true"/>
			<objectChange node="0>0|0|2|1|0|5" visibilityActive="false" visibilityInactive="true"/>
			
		<!--Wheel Back Right-->
		
			<objectChange node="0>0|0|3|0|0|0" visibilityActive="false" visibilityInactive="true"/>
			<objectChange node="0>0|0|3|1|0|0" visibilityActive="false" visibilityInactive="true"/>
			
			<objectChange node="0>0|0|3|0|0|1" visibilityActive="false" visibilityInactive="true"/>
			<objectChange node="0>0|0|3|1|0|1" visibilityActive="false" visibilityInactive="true"/>
			
			<objectChange node="0>0|0|3|0|0|2" visibilityActive="false" visibilityInactive="true"/>
			<objectChange node="0>0|0|3|1|0|2" visibilityActive="false" visibilityInactive="true"/>
			
			<objectChange node="0>0|0|3|0|0|3" visibilityActive="true" visibilityInactive="false"/>
			<objectChange node="0>0|0|3|1|0|3" visibilityActive="true" visibilityInactive="false"/>
			
			<objectChange node="0>0|0|3|0|0|4" visibilityActive="false" visibilityInactive="true"/>
			<objectChange node="0>0|0|3|1|0|4" visibilityActive="false" visibilityInactive="true"/>
			
			<objectChange node="0>0|0|3|0|0|5" visibilityActive="false" visibilityInactive="true"/>
			<objectChange node="0>0|0|3|1|0|5" visibilityActive="false" visibilityInactive="true"/>
			
			
		<!--Calipper Front Left-->	
		
			<objectChange node="0>0|0|0|0|2" visibilityActive="false" visibilityInactive="true"/>
			<objectChange node="0>0|0|0|0|3" visibilityActive="false" visibilityInactive="true"/>
			<objectChange node="0>0|0|0|0|4" visibilityActive="false" visibilityInactive="true"/>
			<objectChange node="0>0|0|0|0|5" visibilityActive="true" visibilityInactive="false"/>
			<objectChange node="0>0|0|0|0|6" visibilityActive="false" visibilityInactive="true"/>
			<objectChange node="0>0|0|0|0|7" visibilityActive="false" visibilityInactive="true"/>
			
		<!--Calipper Front Right-->	
			
			<objectChange node="0>0|0|1|0|2" visibilityActive="false" visibilityInactive="true"/>
			<objectChange node="0>0|0|1|0|3" visibilityActive="false" visibilityInactive="true"/>
			<objectChange node="0>0|0|1|0|4" visibilityActive="false" visibilityInactive="true"/>
			<objectChange node="0>0|0|1|0|5" visibilityActive="true" visibilityInactive="false"/>
			<objectChange node="0>0|0|1|0|6" visibilityActive="false" visibilityInactive="true"/>			
			<objectChange node="0>0|0|1|0|7" visibilityActive="false" visibilityInactive="true"/>
			
		<!--Body-->
		
			<objectChange node="0>0|16|0" visibilityActive="false" visibilityInactive="true"/>
			<objectChange node="0>0|16|2" visibilityActive="false" visibilityInactive="true"/>
			<objectChange node="0>0|16|3" visibilityActive="false" visibilityInactive="true"/>
			<objectChange node="0>0|16|4" visibilityActive="true" visibilityInactive="false"/>
			<objectChange node="0>0|16|5" visibilityActive="false" visibilityInactive="true"/>
			<objectChange node="0>0|16|6" visibilityActive="false" visibilityInactive="true"/>

		<!--Lights-->
		
			<objectChange node="0>0|20|11" visibilityActive="false" visibilityInactive="true"/>
			<objectChange node="0>0|20|12" visibilityActive="false" visibilityInactive="true"/>
			<objectChange node="0>0|20|13" visibilityActive="false" visibilityInactive="true"/>
			<objectChange node="0>0|20|14" visibilityActive="true" visibilityInactive="false"/>
			<objectChange node="0>0|20|15" visibilityActive="false" visibilityInactive="true"/>
			<objectChange node="0>0|20|16" visibilityActive="false" visibilityInactive="true"/>
		
		<!--Lights In-->
		
			<objectChange node="0>0|26|5" visibilityActive="false" visibilityInactive="true"/>
			<objectChange node="0>0|26|6" visibilityActive="false" visibilityInactive="true"/>
			<objectChange node="0>0|26|7" visibilityActive="false" visibilityInactive="true"/>
			<objectChange node="0>0|26|8" visibilityActive="true" visibilityInactive="false"/>
			<objectChange node="0>0|26|9" visibilityActive="false" visibilityInactive="true"/>
		
        </designConfiguration>
		
		
		<designConfiguration name="Space White" price="0">

			
		<!--Wheel Front Left-->
			<objectChange node="0>0|0|0|0|0|0|0|0|0" visibilityActive="false" visibilityInactive="true"/>
			<objectChange node="0>0|0|0|0|0|0|1|0|0" visibilityActive="false" visibilityInactive="true"/>
			
			<objectChange node="0>0|0|0|0|0|0|0|0|1" visibilityActive="false" visibilityInactive="true"/>
			<objectChange node="0>0|0|0|0|0|0|1|0|1" visibilityActive="false" visibilityInactive="true"/>
			
			<objectChange node="0>0|0|0|0|0|0|0|0|2" visibilityActive="false" visibilityInactive="true"/>
			<objectChange node="0>0|0|0|0|0|0|1|0|2" visibilityActive="false" visibilityInactive="true"/>
			
			<objectChange node="0>0|0|0|0|0|0|0|0|3" visibilityActive="false" visibilityInactive="true"/>
			<objectChange node="0>0|0|0|0|0|0|1|0|3" visibilityActive="false" visibilityInactive="true"/>
			
			<objectChange node="0>0|0|0|0|0|0|0|0|4" visibilityActive="true" visibilityInactive="false"/>
			<objectChange node="0>0|0|0|0|0|0|1|0|4" visibilityActive="true" visibilityInactive="false"/>
			
			<objectChange node="0>0|0|0|0|0|0|0|0|5" visibilityActive="false" visibilityInactive="true"/>
			<objectChange node="0>0|0|0|0|0|0|1|0|5" visibilityActive="false" visibilityInactive="true"/>
			
		<!--Wheel Front Right-->

			<objectChange node="0>0|0|1|0|0|0|0|0|0" visibilityActive="false" visibilityInactive="true"/>
			<objectChange node="0>0|0|1|0|0|0|1|0|0" visibilityActive="false" visibilityInactive="true"/>
			
			<objectChange node="0>0|0|1|0|0|0|0|0|1" visibilityActive="false" visibilityInactive="true"/>
			<objectChange node="0>0|0|1|0|0|0|1|0|1" visibilityActive="false" visibilityInactive="true"/>
			
			<objectChange node="0>0|0|1|0|0|0|0|0|2" visibilityActive="false" visibilityInactive="true"/>
			<objectChange node="0>0|0|1|0|0|0|1|0|2" visibilityActive="false" visibilityInactive="true"/>
			
			<objectChange node="0>0|0|1|0|0|0|0|0|3" visibilityActive="false" visibilityInactive="true"/>
			<objectChange node="0>0|0|1|0|0|0|1|0|3" visibilityActive="false" visibilityInactive="true"/>
			
			<objectChange node="0>0|0|1|0|0|0|0|0|4" visibilityActive="true" visibilityInactive="false"/>
			<objectChange node="0>0|0|1|0|0|0|1|0|4" visibilityActive="true" visibilityInactive="false"/>
			
			<objectChange node="0>0|0|1|0|0|0|0|0|5" visibilityActive="false" visibilityInactive="true"/>
			<objectChange node="0>0|0|1|0|0|0|1|0|5" visibilityActive="false" visibilityInactive="true"/>
			
			
		<!--Wheel Back Left-->	
		
			<objectChange node="0>0|0|2|0|0|0" visibilityActive="false" visibilityInactive="true"/>
			<objectChange node="0>0|0|2|1|0|0" visibilityActive="false" visibilityInactive="true"/>
			
			<objectChange node="0>0|0|2|0|0|1" visibilityActive="false" visibilityInactive="true"/>
			<objectChange node="0>0|0|2|1|0|1" visibilityActive="false" visibilityInactive="true"/>
			
			<objectChange node="0>0|0|2|0|0|2" visibilityActive="false" visibilityInactive="true"/>
			<objectChange node="0>0|0|2|1|0|2" visibilityActive="false" visibilityInactive="true"/>
			
			<objectChange node="0>0|0|2|0|0|3" visibilityActive="false" visibilityInactive="true"/>
			<objectChange node="0>0|0|2|1|0|3" visibilityActive="false" visibilityInactive="true"/>
			
			<objectChange node="0>0|0|2|0|0|4" visibilityActive="true" visibilityInactive="false"/>
			<objectChange node="0>0|0|2|1|0|4" visibilityActive="true" visibilityInactive="false"/>
			
			<objectChange node="0>0|0|2|0|0|5" visibilityActive="false" visibilityInactive="true"/>
			<objectChange node="0>0|0|2|1|0|5" visibilityActive="false" visibilityInactive="true"/>
			
		<!--Wheel Back Right-->
		
			<objectChange node="0>0|0|3|0|0|0" visibilityActive="false" visibilityInactive="true"/>
			<objectChange node="0>0|0|3|1|0|0" visibilityActive="false" visibilityInactive="true"/>
			
			<objectChange node="0>0|0|3|0|0|1" visibilityActive="false" visibilityInactive="true"/>
			<objectChange node="0>0|0|3|1|0|1" visibilityActive="false" visibilityInactive="true"/>
			
			<objectChange node="0>0|0|3|0|0|2" visibilityActive="false" visibilityInactive="true"/>
			<objectChange node="0>0|0|3|1|0|2" visibilityActive="false" visibilityInactive="true"/>
			
			<objectChange node="0>0|0|3|0|0|3" visibilityActive="false" visibilityInactive="true"/>
			<objectChange node="0>0|0|3|1|0|3" visibilityActive="false" visibilityInactive="true"/>
			
			<objectChange node="0>0|0|3|0|0|4" visibilityActive="true" visibilityInactive="false"/>
			<objectChange node="0>0|0|3|1|0|4" visibilityActive="true" visibilityInactive="false"/>
			
			<objectChange node="0>0|0|3|0|0|5" visibilityActive="false" visibilityInactive="true"/>
			<objectChange node="0>0|0|3|1|0|5" visibilityActive="false" visibilityInactive="true"/>
			
			
		<!--Calipper Front Left-->	
		
			<objectChange node="0>0|0|0|0|2" visibilityActive="false" visibilityInactive="true"/>
			<objectChange node="0>0|0|0|0|3" visibilityActive="false" visibilityInactive="true"/>
			<objectChange node="0>0|0|0|0|4" visibilityActive="false" visibilityInactive="true"/>
			<objectChange node="0>0|0|0|0|5" visibilityActive="false" visibilityInactive="true"/>
			<objectChange node="0>0|0|0|0|6" visibilityActive="true" visibilityInactive="false"/>
			<objectChange node="0>0|0|0|0|7" visibilityActive="false" visibilityInactive="true"/>
			
		<!--Calipper Front Right-->	
			
			<objectChange node="0>0|0|1|0|2" visibilityActive="false" visibilityInactive="true"/>
			<objectChange node="0>0|0|1|0|3" visibilityActive="false" visibilityInactive="true"/>
			<objectChange node="0>0|0|1|0|4" visibilityActive="false" visibilityInactive="true"/>
			<objectChange node="0>0|0|1|0|5" visibilityActive="false" visibilityInactive="true"/>
			<objectChange node="0>0|0|1|0|6" visibilityActive="true" visibilityInactive="false"/>			
			<objectChange node="0>0|0|1|0|7" visibilityActive="false" visibilityInactive="true"/>
			
		<!--Body-->
		
			<objectChange node="0>0|16|0" visibilityActive="false" visibilityInactive="true"/>
			<objectChange node="0>0|16|2" visibilityActive="false" visibilityInactive="true"/>
			<objectChange node="0>0|16|3" visibilityActive="false" visibilityInactive="true"/>
			<objectChange node="0>0|16|4" visibilityActive="false" visibilityInactive="true"/>
			<objectChange node="0>0|16|5" visibilityActive="true" visibilityInactive="false"/>
			<objectChange node="0>0|16|6" visibilityActive="false" visibilityInactive="true"/>

		<!--Lights-->
		
			<objectChange node="0>0|20|11" visibilityActive="false" visibilityInactive="true"/>
			<objectChange node="0>0|20|12" visibilityActive="false" visibilityInactive="true"/>
			<objectChange node="0>0|20|13" visibilityActive="false" visibilityInactive="true"/>
			<objectChange node="0>0|20|14" visibilityActive="false" visibilityInactive="true"/>
			<objectChange node="0>0|20|15" visibilityActive="true" visibilityInactive="false"/>
			<objectChange node="0>0|20|16" visibilityActive="false" visibilityInactive="true"/>
		
		<!--Lights In-->
		
			<objectChange node="0>0|26|5" visibilityActive="false" visibilityInactive="true"/>
			<objectChange node="0>0|26|6" visibilityActive="false" visibilityInactive="true"/>
			<objectChange node="0>0|26|7" visibilityActive="false" visibilityInactive="true"/>
			<objectChange node="0>0|26|8" visibilityActive="false" visibilityInactive="true"/>
			<objectChange node="0>0|26|9" visibilityActive="true" visibilityInactive="false"/>
			
        </designConfiguration>
		

   
    </designConfigurations>
	
    
    <wearable wearDuration="480" workMultiplier="5" fieldMultiplier="2"/>
    <washable dirtDuration="90" washDuration="1" workMultiplier="3" fieldMultiplier="2"/>
    <i3dMappings>
        <i3dMapping id="pickup2014_main_component1" node="0>"/>
        <i3dMapping id="pickup2014_vis" node="0>0"/>
        <i3dMapping id="wheels" node="0>0|0"/>
        <i3dMapping id="axisFrontLeft" node="0>0|0|0|0"/>
        <i3dMapping id="wheelFrontLeft" node="0>0|0|0|0|0|0"/>
        <i3dMapping id="rim" node="0>0|0|0|0|0|0|0"/>
        <i3dMapping id="steeringBarFrontLeft" node="0>0|0|0|0|1"/>
        <i3dMapping id="axisFrontRight" node="0>0|0|1|0"/>
        <i3dMapping id="wheelFrontRight" node="0>0|0|1|0|0|0"/>
        <i3dMapping id="steeringBarFrontRight" node="0>0|0|1|0|1"/>
        <i3dMapping id="wheelBackLeft" node="0>0|0|2"/>
        <i3dMapping id="wheelBackRight" node="0>0|0|3"/>
        <i3dMapping id="steeringBarFrontRightRef" node="0>0|0|4"/>
        <i3dMapping id="steeringBarFrontLeftRef" node="0>0|0|5"/>
        <i3dMapping id="frontLightLow" node="0>0|1|0"/>
        <i3dMapping id="highBeamLow" node="0>0|1|1"/>
        <i3dMapping id="frontLightHigh" node="0>0|1|2"/>
        <i3dMapping id="highBeamHigh" node="0>0|1|3"/>
        <i3dMapping id="backLightsHigh1" node="0>0|1|4"/>
        <i3dMapping id="turnLightLeftFront" node="0>0|1|5"/>
        <i3dMapping id="turnLightLeftBack" node="0>0|1|6"/>
        <i3dMapping id="turnLightRightFront" node="0>0|1|7"/>
        <i3dMapping id="turnLightRightBack" node="0>0|1|8"/>
        <i3dMapping id="reverseLight" node="0>0|1|9"/>
        <i3dMapping id="frontLightStatic" node="0>0|1|10|0"/>
        <i3dMapping id="backlightsStatic" node="0>0|1|10|1"/>
        <i3dMapping id="reverseLightsStatic" node="0>0|1|10|2"/>
        <i3dMapping id="highBeamStatic" node="0>0|1|10|3"/>
        <i3dMapping id="turnlightLeftStatic" node="0>0|1|10|4"/>
        <i3dMapping id="turnlightRightStatic" node="0>0|1|10|5"/>
        <i3dMapping id="outdoorCameraTarget" node="0>0|2|0"/>
        <i3dMapping id="outdoorCamera1" node="0>0|2|0|0"/>
        <i3dMapping id="indoorCamera1" node="0>0|2|1"/>
        <i3dMapping id="cameraRaycastNode1" node="0>0|2|2"/>
        <i3dMapping id="cameraRaycastNode2" node="0>0|2|3"/>
        <i3dMapping id="cameraRaycastNode3" node="0>0|2|4"/>
        <i3dMapping id="shadowFocusBox" node="0>0|2|5"/>
        <i3dMapping id="player_skin" node="0>0|3|0"/>
        <i3dMapping id="player_rightFoot" node="0>0|3|1"/>
        <i3dMapping id="player_leftFoot" node="0>0|3|2"/>
        <i3dMapping id="exitPoint" node="0>0|4"/>
        <i3dMapping id="trailerAttacherJointBack" node="0>0|5"/>
        <i3dMapping id="electricBack" node="0>0|6"/>
        <i3dMapping id="steeringWheel" node="0>0|7|0"/>
        <i3dMapping id="player_leftHand" node="0>0|7|0|1"/>
        <i3dMapping id="player_rightHand" node="0>0|7|0|2"/>
        <i3dMapping id="exhaustParticle" node="0>0|8|0"/>
		<i3dMapping id="exhaustParticle1" node="0>0|8|1"/>
		<i3dMapping id="exhaustParticle2" node="0>0|8|2"/>
		<i3dMapping id="exhaustParticle3" node="0>0|8|3"/>
		
        <i3dMapping id="gasPedal" node="0>0|9|0"/>
        <i3dMapping id="player_rightFootGas" node="0>0|9|0|0"/>
        <i3dMapping id="brakePedal" node="0>0|9|1"/>
        <i3dMapping id="player_rightFootBrake" node="0>0|9|1|0"/>
        <i3dMapping id="backDoor" node="0>0|23|0"/>
       
        <i3dMapping id="needleSpeed" node="0>0|11|0|0"/>
        <i3dMapping id="needleRpm" node="0>0|11|0|1"/>
        <i3dMapping id="needleTemp01" node="0>0|11|0|2"/>
        <i3dMapping id="needleTemp02" node="0>0|11|0|3"/>
        <i3dMapping id="needleFuel" node="0>0|11|0|4"/>
        <i3dMapping id="dashboardDecalEmmisive" node="0>0|11|1"/>
        <i3dMapping id="dashboardDecalLightUp" node="0>0|11|2"/>
        <i3dMapping id="wiper01" node="0>0|12|0|0"/>
        <i3dMapping id="wiper02" node="0>0|12|1|0"/>
        <i3dMapping id="aiCollisionTrigger" node="0>0|13|0"/>
        <i3dMapping id="mirror01decal" node="0>0|14|0"/>
        <i3dMapping id="mirror02decal" node="0>0|14|1"/>
        <i3dMapping id="mirror03decal" node="0>0|14|2"/>
    </i3dMappings>
</vehicle>
