﻿<?xml version="1.0" encoding="utf-8" standalone="no" ?>
<modDesc descVersion="40">
    <author>MyGameSteam</author>
    <version>1.0.0.0</version>
    <iconFilename>icon.dds</iconFilename>
    <storeItems>
        <storeItem xmlFilename="ford.xml"/>
    </storeItems>
    <title>
        <en>Ford Mustang RTR Spec5</en>
    </title>
	<description>
		<en>
			Ford Mustang RTR Spec5,the 10th anniversary coupe comes in one color: Lead Foot Grey.
			Buyers can choose one of six accent colors that appears outside in places like the front splitter, mirror caps, and rear fenders, those colors being Grabber Blue, Hyper Lime, Orange Fury, Race Red, and Space White.
			The pugilistic Spec 5 widebody kit screws on RTR upper and lower grilles, grille LED lights, multilayer front splitter, hood extractor vents, fender flares, side skirts, a rear wing and rear diffuser. 
			All that rumble hunkers over a set of 20-inch RTR Aero 7 Forged wheels wrapped in Nitto NT555 G2 rubber. The interior picks up the same accent color as outside.
			
			Price:87.000$
			Power:750 HP
		</en>
	</description>
	<multiplayer supported="true"/>
	
	
	
	<brands>
		<brand name="Ford" title="Ford" image="logo.dds" />
	</brands>
	
	
</modDesc>
