<?xml version="1.0" encoding="utf-8" standalone="no"?>
<modDesc descVersion="47">
    <author>North Modding Company</author>
    <version>1.0.0.0</version>
    <title>
        <en>NMC 262 Monster V</en> 
    </title>
    <description>
        <en>
<![CDATA[The 262 MonsterV is a very large and powerfully built V-blower for tractors with propulsion in excess of 180 HP. Perfect for clearing mountain roads, forest tracks and icy roads with large volumes of snow. Can also be used for normal road clearing where it is difficult to remove the snow due to high sections and snow plough edges. Fitted as standard with Hardox wear steel and two Hardox skid shoes at the back and one on each side at the front. The side steel complies with the standard established by the Norwegian Public Roads Administration. Can be fitted with a wide range of optional equipment, including puncture-proof wheels at the side and back. 3-point is adapted to both category 2 and 3 bolts. The 262 Monster V is capable of Removing up to 1,900 tons of snow per hour. A large tractor, a lot of snow, high speeds – this snow blower will do the job. It can also be used as a replacement for a high-throwing snow plough – for snow you only aim to plough once. The ideal machine for clearing large volumes of snow at low speeds, or smaller volumes of snow at high speeds. Can be fitted with hydraulic side wings for variable adjustment of working width of up to 330 cm. A wide range of optional equipment provides for the perfect tool.

Price: 7,950.- $
Maintenance: 15 € / Day
Working width: 3m
Maximum working speed: 20 km/h
Needed power: 180HP
Tension belt support]]>
		</en>
		<de>
<![CDATA[Entfernt bis zu 1900 Tonnen Schnee die stunde. Großer Traktor, eine große Menge Schnee, hohe Geschwindigkeit – diese Schneefräse ist die richtige für den Job. Sie kann auch als Ersatz für einen Schneepflug genutzt werden – somit müssen sie sich nur einmal mit dem Schnee befassen. Das ideale gerät zum Räumen von Großen Schneemengen bei Niedriger Geschwindigkeit oder kleiner Schneemengen bei Höheren Geschwindigkeiten. Kann mit Hydraulischen Rand schaufeln mit Stufenloser Verstellung auf bis zu 3,30 Meter erweitert werden. Es gibt eine Vielzahl von optionalem Zubehör, damit Sie genau die Ausrüstung erhalten, die Sie möchten. Der 262 MonsterV ist eine sehr große und Robust gebaute Schneefräse für Traktoren mit über 180ps. Sie ist gut geeignet zum Räumen von Bergstraßen, Forststraßen und Eisstraßen mit großen Schneemengen. Sie kann aber auch zum Räumen von Straßen verwendet werden, bei denen es aufgrund von hohen Bordsteinen schwierig ist Schnee zu entfernen. Der 262 MonsterV ist serienmäßig mit Hardox Wear Steel und zwei Tasträdern ausgestattet welche im hinteren Bereich der Maschine montiert werden ausgestattet. Die Dreipunkthalterung passt in aufnahmen der Kategorien 2 + 3. 

Preis : 7950€
Unterhaltskosten : 15€/Tag
Arbeitsbreite : 3m
Höchstgeschwindigkeit : 20km/h
Nennleistung : 180ps
Spanngurt Unterstützung]]>
		</de>
    </description>
	
    <iconFilename>store/NMC_262Snowblower_icon.dds</iconFilename>
    <multiplayer supported="true"/>
	
    <storeItems>
        <storeItem xmlFilename="NMC_snowblower262.xml"/>							
    </storeItems>  
	<brands>
        <brand name="NMC" title="NMC" image="store/NMC_brand.dds"/>
    </brands>
	<vehicleTypes>
		 <type name="NMC_SnowBlower262" parent="baseTipper" className="Vehicle" filename="$dataS/scripts/vehicles/Vehicle.lua">
			<specialization name="turnOnVehicle" />			
			<specialization name="groundReference" />
			<specialization name="workArea" />
			<specialization name="workParticles" />
			<specialization name="forageWagon" />
			<specialization name="pickup" />
			<specialization name="bunkerSiloInteractor" />
			<specialization name="shovel" />
			<specialization name="pipe" />
			<specialization name="tensionBeltObject"/>
		</type>
	</vehicleTypes>
	
	<l10n>
        <text name="typeDesc_snowBlower">
            <en>Snow Blower</en>
            <de>Schneefräse</de>
            <fr>Souffleuse</fr>
        </text>
        <text name="function_snowBlower">
            <en>A Snow blower clears fallen snow by blowing it to the side.</en>
            <de>Die Schneefräse räumt den gefallenen Schnee, indem sie ihn zur Seite bläst.</de>
            <fr>La souffleuse à neige élimine la neige tombée en la soufflant sur le côté.</fr>
        </text>
		<text name="title_sideWings">
            <en>Side Wings Config</en>
            <de>Seitenflügen Konfigurationen</de>
        </text>
		<text name="sides">
            <en>Side Wings Added</en>
            <de>Seitenflügen Hinzugefügt</de>
        </text>
		<text name="configuration_wheels">
            <en>Wheels</en>
            <de>Räder</de>
        </text>
    </l10n>
</modDesc>
