<?xml version="1.0" encoding="utf-8" standalone="no"?>
<vehicle type="NMC_SnowBlower262">
    <annotation>Copyright (C) GIANTS Software GmbH, All Rights Reserved. T-Bone and Execut- North Modding Company</annotation>

    <storeData>
        <name>262 Monster V</name>
        <specs>
            <neededPower>180</neededPower>
            <workingWidth>3</workingWidth>
        </specs>
        <functions>
            <function>$l10n_function_snowBlower</function>
        </functions>
        <image>store/NMC_262Snowblower.dds</image>
        <price>15000</price>
        <lifetime>600</lifetime>
        <rotation>0</rotation>
        <brand>NMC</brand>
        <category>misc</category>
        <vertexBufferMemoryUsage>1216368</vertexBufferMemoryUsage>
        <indexBufferMemoryUsage>258780</indexBufferMemoryUsage>
        <textureMemoryUsage>2315976</textureMemoryUsage>
        <instanceVertexBufferMemoryUsage>0</instanceVertexBufferMemoryUsage>
        <instanceIndexBufferMemoryUsage>0</instanceIndexBufferMemoryUsage>
    </storeData>

    <base>
        <typeDesc>$l10n_typeDesc_snowBlower</typeDesc>
        <filename>NMC_snowblower262.i3d</filename>
        <size width="4" length="5.5" lengthOffset="0.8"/>
        <speedLimit value="20"/>
        <components>
            <component centerOfMass="0 0.6 -0.44" solverIterationCount="20" mass="1600" />
        </components>
        <schemaOverlay attacherJointPosition="0 0">
            <default name="DEFAULT_IMPLEMENT"/>
            <turnedOn name="DEFAULT_IMPLEMENT_ON"/>
            <selected name="DEFAULT_IMPLEMENT_SELECTED"/>
            <turnedOnSelected name="DEFAULT_IMPLEMENT_SELECTED_ON"/>
        </schemaOverlay>
    </base>
	
	<wheels>
        <wheelConfigurations>
			<wheelConfiguration name="$l10n_configuration_valueDefault" price="0">
                <wheels/>
				<objectChange node="supportSkis" visibilityActive="true" visibilityInactive="false" />
            </wheelConfiguration>
            <wheelConfiguration name="$l10n_configuration_wheels" price="350">
                <wheels>
					<wheel filename="$data/shared/wheels/trelleborg/AW305/10_80R12.xml" isLeft="true" hasTireTracks="true" hasParticles="true">
                        <physics restLoad="5.9" repr="wheelLeft" initialCompression="25" suspTravel="0.05" spring="18" damper="10" radius="0.28" width="0.22"/>
                    </wheel>
                    <wheel filename="$data/shared/wheels/trelleborg/AW305/10_80R12.xml" isLeft="false" hasTireTracks="true" hasParticles="true">
                        <physics restLoad="5.9" repr="wheelRight" initialCompression="25" suspTravel="0.05" spring="18" damper="10" radius="0.28" width="0.22"/>
                    </wheel>
					<wheel filename="$data/shared/wheels/trelleborg/AW305/10_80R12.xml" isLeft="true" >
                        <physics rotSpeed="0" restLoad="5.9" repr="wheelbaseBack" driveNode="wheelBack" initialCompression="25" suspTravel="0.05" spring="18" damper="10" radius="0.28" width="0.22" versatileYRot="true" rotMin="-50" rotMax="50"/>
                    </wheel>
                </wheels>
				<objectChange node="wheelbaseFront" visibilityActive="true" visibilityInactive="false" />
            </wheelConfiguration>
        </wheelConfigurations>
    </wheels>
	
	<attachable>
        <inputAttacherJoints>
			<inputAttacherJoint node="attacherjoint" jointType="implement" topReferenceNode="topRef" allowsLowering="true" lowerRotLimitScale="0 0 0" lowerTransLimitScale="0 1 0" upperRotationOffset="10" lowerRotationOffset="0" >
                <distanceToGround lower="0.15" upper="1.2" />
            </inputAttacherJoint>
        </inputAttacherJoints>
		<brakeForce>0.6</brakeForce>
    </attachable>

	<shovel>
        <shovelNode node="pickUpNode" fillUnitIndex="1" width="1.5" length="0.3" yOffset="-0.3" needsMovement="false" needsActivation="true" needsLowering="true" fillLitersPerSecond="4000"/>
        <shovelNode node="levelerLeft" fillUnitIndex="1" width="1" length="0.1" yOffset="-0.3" needsMovement="false" needsActivation="true" needsLowering="true" fillLitersPerSecond="4000"/>
        <shovelNode node="levelerRight" fillUnitIndex="1" width="1" length="0.1" yOffset="-0.3" needsMovement="false" needsActivation="true" needsLowering="true" fillLitersPerSecond="4000"/>
    </shovel>
	
	<dynamicallyLoadedParts>
        <dynamicallyLoadedPart node="1|0" linkNode="deattachedHoseInAdapter1"  filename="$data/shared/connectionHoses/connectors.i3d" />
        <dynamicallyLoadedPart node="1|0" linkNode="deattachedHoseOutAdapter1" filename="$data/shared/connectionHoses/connectors.i3d" />
        <dynamicallyLoadedPart node="1|0" linkNode="deattachedHoseInAdapter2"  filename="$data/shared/connectionHoses/connectors.i3d" />
        <dynamicallyLoadedPart node="1|0" linkNode="deattachedHoseOutAdapter2" filename="$data/shared/connectionHoses/connectors.i3d" />
		<dynamicallyLoadedPart node="1|0" linkNode="deattachedHoseInAdapter3"  filename="$data/shared/connectionHoses/connectors.i3d" />
        <dynamicallyLoadedPart node="1|0" linkNode="deattachedHoseOutAdapter3" filename="$data/shared/connectionHoses/connectors.i3d" />
    </dynamicallyLoadedParts>
	
	<connectionHoses>
		<hose inputAttacherJointIndices="1" type="hydraulicIn"  node="attachedHoseIn1"  length="2.2" diameter="0.02" straighteningFactor="5">
			<objectChange node="deattachedHoseInOut_1" visibilityActive="false" visibilityInactive="true"/>
        </hose>
        <hose inputAttacherJointIndices="1" type="hydraulicOut" node="attachedHoseOut1" length="2.2" diameter="0.02" straighteningFactor="5"/>
		<hose inputAttacherJointIndices="1" type="hydraulicIn"  node="attachedHoseIn2"  length="1.2" diameter="0.02" straighteningFactor="2">
			<objectChange node="deattachedHoseInOut_2" visibilityActive="false" visibilityInactive="true"/>
        </hose>
        <hose inputAttacherJointIndices="1" type="hydraulicOut" node="attachedHoseOut2" length="1.2" diameter="0.02" straighteningFactor="2"/>
		<hose inputAttacherJointIndices="1" type="hydraulicIn"  node="attachedHoseIn3"  length="1.2" diameter="0.02" straighteningFactor="5">
			<objectChange node="deattachedHoseInOut_3" visibilityActive="false" visibilityInactive="true"/>
        </hose>
        <hose inputAttacherJointIndices="1" type="hydraulicOut" node="attachedHoseOut3" length="1.2" diameter="0.02" straighteningFactor="5"/>
    </connectionHoses>

    <powerConsumer forceNode="NMC_262_main_component1" maxForce="6"/>
	
	<powerTakeOffs>
        <input inputNode="pto" inputAttacherJointIndices="1" aboveAttacher="true" detachNode="ptoDetachNode" filename="$data/shared/assets/powerTakeOffs/walterscheidWWZ.xml" />
    </powerTakeOffs>
	<fillUnit>
		<fillUnitConfigurations title="$l10n_title_sideWings">
			<fillUnitConfiguration name="$l10n_configuration_valueDefault" price="0">
                <fillUnits>
                    <fillUnit unit="$l10n_unit_literShort" fillTypeCategories="bulk" showOnHud="true" capacity="20000" showInShop="true" />
				</fillUnits>
            </fillUnitConfiguration>
			<fillUnitConfiguration name="$l10n_sides" price="600">
                <fillUnits>
                    <fillUnit unit="$l10n_unit_literShort" fillTypeCategories="bulk" showOnHud="true" capacity="20000" showInShop="true" />
				</fillUnits>
				<objectChange node="vinger" visibilityActive="true" visibilityInactive="false"/>
				<objectChange node="sidevingerAttach" visibilityActive="true" visibilityInactive="false"/>
				<objectChange node="levelerLeft" translationActive="0.316 -1.14 0.374" translationInactive="-0.757 3.101 -1.067"/>
				<objectChange node="levelerRight" translationActive="-0.316 -1.14 0.374" translationInactive="0.757 3.101 -1.067"/>
				<objectChange node="venstreVingePhysics" compoundChildActive="true" compoundChildInactive="false"/>
				<objectChange node="hoyreVingePhysics"  compoundChildActive="true" compoundChildInactive="false"/>
            </fillUnitConfiguration>
        </fillUnitConfigurations>
    </fillUnit>

    <dischargeable requiresTipOcclusionArea="false">
		<dischargeNode node="dischargeNode" emptySpeed="7000" fillUnitIndex="1" maxDistance="32" stopDischargeOnEmpty="false">
            <info width="0.5" length="1.0" useRaycastHitPosition="true"/>
			<raycast extraDistance="-1" maxDistance="20"/>
			<effects>
				<effectNode effectNode="effectPipe" materialType="unloading" materialTypeId="1" fadeScale="0"/>
				<effectNode effectNode="effectMesh" materialType="unloading" materialTypeId="1" fadeTime="0.5" useDistance="false" fadeScale="0"/>
				<effectNode effectClass="ParticleEffect" effectNode="emitShape" particleType="SNOW" emitCountScale="2" worldSpace="false"/>
				<effectNode effectClass="ParticleEffect" effectNode="emitShapeChunks" particleType="SNOW_CHUNKS" emitCountScale="2" worldSpace="false"/>
				<effectNode effectClass="ParticleEffect" effectNode="emitShapeChunksBig" particleType="SNOW_BIG_CHUNKS" emitCountScale="1" worldSpace="false"/>
				<effectNode effectClass="ParticleEffect" effectNode="emitShapeChunksBig2" particleType="SNOW_BIG_CHUNKS" emitCountScale="4" worldSpace="false"/>
				<effectNode effectClass="ParticleEffect" effectNode="emitShapeSmoke" particleType="SNOW_SMOKE" emitCountScale="5"/>
				<effectNode effectClass="ParticleEffect" effectNode="emitShapeSmoke1" particleType="SNOW_SMOKE" emitCountScale="3"/>	
				<effectNode effectClass="ParticleEffect" effectNode="small1"   particleType="SNOW_CHUNKS" emitCountScale="50" delay="0.1" worldSpace="false"/>
				<effectNode effectClass="ParticleEffect" effectNode="small2"   particleType="SNOW_CHUNKS" emitCountScale="40" delay="0.2" worldSpace="false"/>
				<effectNode effectClass="ParticleEffect" effectNode="small3"   particleType="SNOW_CHUNKS" emitCountScale="30" delay="0.3" worldSpace="false"/>
				<effectNode effectClass="ParticleEffect" effectNode="small4"   particleType="SNOW_CHUNKS" emitCountScale="20" delay="0.4" worldSpace="false"/>
				<effectNode effectClass="ParticleEffect" effectNode="small5"   particleType="SNOW_CHUNKS" emitCountScale="10" delay="0.5" worldSpace="false"/>
				<effectNode effectClass="ParticleEffect" effectNode="small6"   particleType="SNOW_CHUNKS" emitCountScale="10" delay="0.6" worldSpace="false"/>
				<effectNode effectClass="ParticleEffect" effectNode="small7"   particleType="SNOW_CHUNKS" emitCountScale="10" delay="0.7" worldSpace="false"/>
				<effectNode effectClass="ParticleEffect" effectNode="small8"   particleType="SNOW_CHUNKS" emitCountScale="10" delay="0.8" worldSpace="false"/>
				<effectNode effectClass="ParticleEffect" effectNode="small9"   particleType="SNOW_CHUNKS" emitCountScale="10" delay="0.9" worldSpace="false"/>
				<effectNode effectClass="ParticleEffect" effectNode="small10"  particleType="SNOW_CHUNKS" emitCountScale="10" delay="1.0" worldSpace="false"/>
				<effectNode effectClass="ParticleEffect" effectNode="small11"  particleType="SNOW_CHUNKS" emitCountScale="10" delay="1.1" worldSpace="false"/>
				<effectNode effectClass="ParticleEffect" effectNode="small12"  particleType="SNOW_CHUNKS" emitCountScale="10" delay="1.2" worldSpace="false"/>
				<effectNode effectClass="ParticleEffect" effectNode="small13"  particleType="SNOW_CHUNKS" emitCountScale="10" delay="1.3" worldSpace="false"/>
				<effectNode effectClass="ParticleEffect" effectNode="small14"  particleType="SNOW_CHUNKS" emitCountScale="10" delay="1.4" worldSpace="false"/>
				<effectNode effectClass="ParticleEffect" effectNode="small15"  particleType="SNOW_CHUNKS" emitCountScale="10" delay="1.4" worldSpace="false"/>
				<effectNode effectClass="ParticleEffect" effectNode="small16"  particleType="SNOW_CHUNKS" emitCountScale="10" delay="1.4" worldSpace="false"/>
				<effectNode effectClass="ParticleEffect" effectNode="small17"  particleType="SNOW_CHUNKS" emitCountScale="10" delay="1.4" worldSpace="false"/>
				<effectNode effectClass="ParticleEffect" effectNode="big1" 	   particleType="SNOW_BIG_CHUNKS" emitCountScale="30" delay="0.1" worldSpace="false"/>
				<effectNode effectClass="ParticleEffect" effectNode="big2" 	   particleType="SNOW_BIG_CHUNKS" emitCountScale="30" delay="0.2" worldSpace="false"/>
				<effectNode effectClass="ParticleEffect" effectNode="big3" 	   particleType="SNOW_BIG_CHUNKS" emitCountScale="25" delay="0.3" worldSpace="false"/>
				<effectNode effectClass="ParticleEffect" effectNode="big4"     particleType="SNOW_BIG_CHUNKS" emitCountScale="25" delay="0.4" worldSpace="false"/>
				<effectNode effectClass="ParticleEffect" effectNode="big5"     particleType="SNOW_BIG_CHUNKS" emitCountScale="20" delay="0.5" worldSpace="false"/>
				<effectNode effectClass="ParticleEffect" effectNode="big6"     particleType="SNOW_BIG_CHUNKS" emitCountScale="20" delay="0.6" worldSpace="false"/>
				<effectNode effectClass="ParticleEffect" effectNode="big7"     particleType="SNOW_BIG_CHUNKS" emitCountScale="15" delay="0.7" worldSpace="false"/>
				<effectNode effectClass="ParticleEffect" effectNode="big8"     particleType="SNOW_BIG_CHUNKS" emitCountScale="15" delay="0.8" worldSpace="false"/>
				<effectNode effectClass="ParticleEffect" effectNode="big9"     particleType="SNOW_BIG_CHUNKS" emitCountScale="15" delay="0.9" worldSpace="false"/>
				<effectNode effectClass="ParticleEffect" effectNode="big10"    particleType="SNOW_BIG_CHUNKS" emitCountScale="15" delay="1.0" worldSpace="false"/>
				<effectNode effectClass="ParticleEffect" effectNode="big11"    particleType="SNOW_BIG_CHUNKS" emitCountScale="15" delay="1.1" worldSpace="false"/>
				<effectNode effectClass="ParticleEffect" effectNode="big12"    particleType="SNOW_BIG_CHUNKS" emitCountScale="15" delay="1.2" worldSpace="false"/>
				<effectNode effectClass="ParticleEffect" effectNode="big13"    particleType="SNOW_BIG_CHUNKS" emitCountScale="15" delay="1.3" worldSpace="false"/>
				<effectNode effectClass="ParticleEffect" effectNode="big14"    particleType="SNOW_BIG_CHUNKS" emitCountScale="15" delay="1.4" worldSpace="false"/>
				<effectNode effectClass="ParticleEffect" effectNode="big15"    particleType="SNOW_BIG_CHUNKS" emitCountScale="15" delay="1.4" worldSpace="false"/>
				<effectNode effectClass="ParticleEffect" effectNode="big16"    particleType="SNOW_BIG_CHUNKS" emitCountScale="15" delay="1.4" worldSpace="false"/>
				<effectNode effectClass="ParticleEffect" effectNode="big17"    particleType="SNOW_BIG_CHUNKS" emitCountScale="15" delay="1.4" worldSpace="false"/>
				<effectNode effectClass="ParticleEffect" effectNode="smoke1"   particleType="SNOW_SMOKE" emitCountScale="1" delay="0.1" worldSpace="false"/>
				<effectNode effectClass="ParticleEffect" effectNode="smoke2"   particleType="SNOW_SMOKE" emitCountScale="2" delay="0.2" worldSpace="false"/>
				<effectNode effectClass="ParticleEffect" effectNode="smoke3"   particleType="SNOW_SMOKE" emitCountScale="3" delay="0.3" worldSpace="false"/>
				<effectNode effectClass="ParticleEffect" effectNode="smoke4"   particleType="SNOW_SMOKE" emitCountScale="4" delay="0.4" worldSpace="false"/>
				<effectNode effectClass="ParticleEffect" effectNode="smoke5"   particleType="SNOW_SMOKE" emitCountScale="5" delay="0.5" worldSpace="false"/>
				<effectNode effectClass="ParticleEffect" effectNode="smoke6"   particleType="SNOW_SMOKE" emitCountScale="6" delay="0.6" worldSpace="false"/>
				<effectNode effectClass="ParticleEffect" effectNode="smoke7"   particleType="SNOW_SMOKE" emitCountScale="7" delay="0.7" worldSpace="false"/>
				<effectNode effectClass="ParticleEffect" effectNode="smoke8"   particleType="SNOW_SMOKE" emitCountScale="8" delay="0.8" worldSpace="false"/>
				<effectNode effectClass="ParticleEffect" effectNode="smoke9"   particleType="SNOW_SMOKE" emitCountScale="8" delay="0.9" worldSpace="false"/>
				<effectNode effectClass="ParticleEffect" effectNode="smoke10"  particleType="SNOW_SMOKE" emitCountScale="8" delay="1.0" worldSpace="false"/>
				<effectNode effectClass="ParticleEffect" effectNode="smoke11"  particleType="SNOW_SMOKE" emitCountScale="8" delay="1.1" worldSpace="false"/>
				<effectNode effectClass="ParticleEffect" effectNode="smoke12"  particleType="SNOW_SMOKE" emitCountScale="8" delay="1.2" worldSpace="false"/>
				<effectNode effectClass="ParticleEffect" effectNode="smoke13"  particleType="SNOW_SMOKE" emitCountScale="8" delay="1.3" worldSpace="false"/>
				<effectNode effectClass="ParticleEffect" effectNode="smoke14"  particleType="SNOW_SMOKE" emitCountScale="8" delay="1.4" worldSpace="false"/>
				<effectNode effectClass="ParticleEffect" effectNode="smoke15"  particleType="SNOW_SMOKE" emitCountScale="8" delay="1.4" worldSpace="false"/>
				<effectNode effectClass="ParticleEffect" effectNode="smoke16"  particleType="SNOW_SMOKE" emitCountScale="8" delay="1.4" worldSpace="false"/>
				<effectNode effectClass="ParticleEffect" effectNode="smoke17"  particleType="SNOW_SMOKE" emitCountScale="8" delay="1.4" worldSpace="false"/>
				<effectNode effectClass="ParticleEffect" effectNode="unload1"  particleType="UNLOADING" emitCountScale="5" delay="0.1" worldSpace="false"/>
				<effectNode effectClass="ParticleEffect" effectNode="unload2"  particleType="UNLOADING" emitCountScale="5" delay="0.2" worldSpace="false"/>
				<effectNode effectClass="ParticleEffect" effectNode="unload3"  particleType="UNLOADING" emitCountScale="4" delay="0.3" worldSpace="false"/>
				<effectNode effectClass="ParticleEffect" effectNode="unload4"  particleType="UNLOADING" emitCountScale="4" delay="0.4" worldSpace="false"/>
				<effectNode effectClass="ParticleEffect" effectNode="unload5"  particleType="UNLOADING" emitCountScale="3" delay="0.5" worldSpace="false"/>
				<effectNode effectClass="ParticleEffect" effectNode="unload6"  particleType="UNLOADING" emitCountScale="3" delay="0.6" worldSpace="false"/>
				<effectNode effectClass="ParticleEffect" effectNode="unload7"  particleType="UNLOADING" emitCountScale="2" delay="0.7" worldSpace="false"/>
				<effectNode effectClass="ParticleEffect" effectNode="unload8"  particleType="UNLOADING" emitCountScale="2" delay="0.8" worldSpace="false"/>
				<effectNode effectClass="ParticleEffect" effectNode="unload9"  particleType="UNLOADING" emitCountScale="2" delay="0.9" worldSpace="false"/>
				<effectNode effectClass="ParticleEffect" effectNode="unload10" particleType="UNLOADING" emitCountScale="2" delay="1.0" worldSpace="false"/>
				<effectNode effectClass="ParticleEffect" effectNode="unload11" particleType="UNLOADING" emitCountScale="2" delay="1.1" worldSpace="false"/>
				<effectNode effectClass="ParticleEffect" effectNode="unload12" particleType="UNLOADING" emitCountScale="2" delay="1.2" worldSpace="false"/>
				<effectNode effectClass="ParticleEffect" effectNode="unload13" particleType="UNLOADING" emitCountScale="2" delay="1.3" worldSpace="false"/>
				<effectNode effectClass="ParticleEffect" effectNode="unload14" particleType="UNLOADING" emitCountScale="2" delay="1.4" worldSpace="false"/>
				<effectNode effectClass="ParticleEffect" effectNode="unload15" particleType="UNLOADING" emitCountScale="2" delay="1.4" worldSpace="false"/>
				<effectNode effectClass="ParticleEffect" effectNode="unload16" particleType="UNLOADING" emitCountScale="2" delay="1.4" worldSpace="false"/>
				<effectNode effectClass="ParticleEffect" effectNode="unload17" particleType="UNLOADING" emitCountScale="2" delay="1.4" worldSpace="false"/>
            </effects>
        </dischargeNode>
    </dischargeable>
	
	<pipe>
        <unloadingTriggers>
            <unloadingTrigger node="trailerTrigger1" />
        </unloadingTriggers>
        <pipeNodes>
			<pipeNode node="pipeMain" rotationSpeeds="0 500 0" bendingRegulation="0.0">
                <state1 rotation="0 90 0"/>
                <state2 rotation="0 -90 0"/>
				<bendingRegulationNode node="dischargeNode" axis="1" direction="1"/>
            </pipeNode>
        </pipeNodes>
	    <states num="2" unloading="1 2" autoAiming="2" turnOnAllowed="1 2"/>
	</pipe>
	
    <turnOnVehicle>
		<animationNodes>
            <animationNode node="rotor" rotAxis="3" rotSpeed="1000" turnOnFadeTime="1" turnOffFadeTime="1"/>
        </animationNodes>
        <sounds>
            <start template="MEX5_FORAGE_START" />
            <work template="MEX5_FORAGE_WORK" />
			<stop file="$data/sounds/tools/harvest/forage_harvester_krone_work_stop.wav" innerRadius="5.0" outerRadius="50.0" fadeOut="0.1">
                <volume indoor="0.5" outdoor="1.5" >
                </volume>
                <pitch indoor="1.0" outdoor="1.0" >
                    <modifier type="COMBINE_LOAD" value="0.00" modifiedValue="0.8" />
                    <modifier type="COMBINE_LOAD" value="10.0" modifiedValue="1.05" />
                </pitch>
                <lowpassGain indoor="0.7" outdoor="1.0" />
            </stop>
        </sounds>
    </turnOnVehicle>
	
	<cylindered>
		<movingTools>
			<!-- Pipe Rot -->
			<movingTool node="pipeMainPhysics" delayedNode="pipeMain" playSound="true">
                <controls axis="AXIS_FRONTLOADER_TOOL" invertAxis="false" mouseSpeedFactor="0.6" iconName="CRANE_ARM1_ROTATE_Y" />
                <rotation rotSpeed="45" rotAcceleration="100" rotMax="310" rotMin="50" startRot="90" rotationAxis="2" />
            </movingTool>
			<movingTool node="rotatePipe" playSound="true">
                <controls axis="AXIS_FRONTLOADER_TOOL2" invertAxis="false" mouseSpeedFactor="0.6" iconName="CRANE_ARM1_ROTATE_Y" />
                <rotation rotSpeed="30" rotAcceleration="100" rotMax="50" rotMin="-50" startRot="-50"/>
				<dependentMovingTool node="pipe2" speedScale="-1"/>
				<dependentMovingTool node="colEndPhysics" speedScale="-1"/>
				<dependentAnimation name="animDischargeNode" rotationAxis="1" minValue="-50" maxValue="50" invert="false"/>
            </movingTool>
			<movingTool node="pipe2">
                <rotation rotSpeed="30" rotAcceleration="100" rotMax="50" rotMin="-10" startRot="50"/>
            </movingTool>
			<movingTool node="colEndPhysics">
                <rotation rotSpeed="30" rotAcceleration="100" rotMax="50" rotMin="-10" startRot="50"/>
            </movingTool>
			<movingTool node="venstreVingePhysics" delayedNode="venstreVinge" playSound="true">
                <controls axis="AXIS_FRONTLOADER_TOOL3" invertAxis="true" mouseSpeedFactor="0.6" iconName="CRANE_ARM1_ROTATE_Y" />
                <rotation rotSpeed="150" rotAcceleration="300" rotMax="100" rotMin="-30" startRot="100" rotationAxis="2" />
            </movingTool>
			<movingTool node="hoyreVingePhysics" delayedNode="hoyreVinge" playSound="true">
                <controls axis="AXIS_FRONTLOADER_TOOL4" invertAxis="true" mouseSpeedFactor="0.6" iconName="CRANE_ARM1_ROTATE_Y" />
                <rotation rotSpeed="150" rotAcceleration="300" rotMax="30" rotMin="-100" startRot="-100" rotationAxis="2" />
            </movingTool>
        </movingTools>

        <movingParts>
            <!-- hydraulic -->
			<movingPart node="hydraulicPipe" referencePoint="hydraulicPipeRef" referenceFrame="hydraulicPipeRef" isActiveDirty="true" >
                <translatingPart node="hydraulicPipePunch"/>
            </movingPart>
			<movingPart node="hydraulicLeft" referencePoint="hydraulicLeftRef" referenceFrame="hydraulicLeftRef" isActiveDirty="true" >
                <translatingPart node="hydraulicLeftPunch"/>
            </movingPart>
			<movingPart node="hydraulicRight" referencePoint="hydraulicRightRef" referenceFrame="hydraulicRightRef" isActiveDirty="true" >
                <translatingPart node="hydraulicRightPunch"/>
            </movingPart>
			<!-- hoses -->
			<movingPart node="lapp"   referencePoint="lappRef"   referenceFrame="lappRef"   isActiveDirty="true" scaleZ="true" invertZ="false"/>
			<movingPart node="hose1"  referencePoint="hose1Ref"  referenceFrame="hose1Ref"  isActiveDirty="true" scaleZ="true" invertZ="false"/>
			<movingPart node="hose2"  referencePoint="hose2Ref"  referenceFrame="hose2Ref"  isActiveDirty="true" scaleZ="true" invertZ="false"/>
			<movingPart node="hose3"  referencePoint="hose3Ref"  referenceFrame="hose3Ref"  isActiveDirty="true" scaleZ="true" invertZ="false"/>
			<movingPart node="hose4"  referencePoint="hose4Ref"  referenceFrame="hose4Ref"  isActiveDirty="true" scaleZ="true" invertZ="false"/>
			<movingPart node="hose9"  referencePoint="hose9Ref"  referenceFrame="hose9Ref"  isActiveDirty="true" scaleZ="true" invertZ="false"/>
			<movingPart node="hose10" referencePoint="hose10Ref" referenceFrame="hose10Ref" isActiveDirty="true" scaleZ="true" invertZ="false"/>
        </movingParts>
        <sounds>
            <hydraulic template="DEFAULT_HYDRAULIC_SOUND" linkNode="0>"/>
        </sounds>
    </cylindered>
	
	<animations>
		<animation name="animDischargeNode">
            <part node="dischargeNodeAnim" startTime="0"   endTime="0.1" startRot="-90 0 0"  endRot="-98 0 0" />
			<part node="dischargeNodeAnim" startTime="0.1" endTime="0.2" startRot="-98 0 0"  endRot="-105 0 0" />
			<part node="dischargeNodeAnim" startTime="0.2" endTime="0.3" startRot="-105 0 0" endRot="-110 0 0" />
			<part node="dischargeNodeAnim" startTime="0.3" endTime="0.4" startRot="-110 0 0" endRot="-113 0 0" />
			<part node="dischargeNodeAnim" startTime="0.4" endTime="0.5" startRot="-113 0 0" endRot="-110 0 0" />
			<part node="dischargeNodeAnim" startTime="0.5" endTime="0.6" startRot="-110 0 0" endRot="-100 0 0" />
			<part node="dischargeNodeAnim" startTime="0.6" endTime="0.7" startRot="-100 0 0" endRot="-87 0 0" />
			<part node="dischargeNodeAnim" startTime="0.7" endTime="0.8" startRot="-87 0 0"  endRot="-84 0 0" />
			<part node="dischargeNodeAnim" startTime="0.8" endTime="0.9" startRot="-84 0 0"  endRot="-85 0 0" />
			<part node="dischargeNodeAnim" startTime="0.9" endTime="1.0" startRot="-85 0 0"  endRot="-90 0 0" />
        </animation>
    </animations>
	<tensionBeltObject>																											
        <meshNodes>
            <meshNode node="snowblower_vis"/>
            <meshNode node="pipeMain"/>
            <meshNode node="pipe2"/>
        </meshNodes>
    </tensionBeltObject>
	<baseMaterial>
        <material name="NMC_snofreser_mat" baseNode="snowblower_vis">
            <shaderParameter name="colorMat0" value="1 0 0 0"/>
        </material>
    </baseMaterial>
	<baseMaterialConfigurations price="500" useDefaultColors="true" defaultColorIndex="0">
        <baseMaterialConfiguration name="STANDARD" color="1 0 0 0"/>
		<material name="NMC_snofreser_mat" shaderParameter="colorMat0" />
    </baseMaterialConfigurations>
	
    <foliageBending>
        <bendingNode minX="-1.8" maxX="1.8" minZ="-1.969" maxZ="1.551" yOffset="0.1" />
    </foliageBending>

    <wearable wearDuration="480" workMultiplier="5" fieldMultiplier="2"/>
    <washable dirtDuration="90" washDuration="1" workMultiplier="4" fieldMultiplier="2"/>

    <i3dMappings>
        <i3dMapping id="NMC_262_main_component1" node="0>" />
        <i3dMapping id="snowblower_vis" node="0>0" />
        <i3dMapping id="attacherjoint" node="0>0|0|0" />
        <i3dMapping id="topRef" node="0>0|0|1" />
        <i3dMapping id="pto" node="0>0|0|2" />
        <i3dMapping id="ptoDetachNode" node="0>0|0|2|0" />
        <i3dMapping id="deattachedHoseInOut_1" node="0>0|0|3|0|0" />
        <i3dMapping id="deattachedHoseInAdapter1" node="0>0|0|3|0|0|0" />
        <i3dMapping id="deattachedHoseOutAdapter1" node="0>0|0|3|0|0|1" />
        <i3dMapping id="deattachedHoseInOut_2" node="0>0|0|3|0|1" />
        <i3dMapping id="deattachedHoseInAdapter2" node="0>0|0|3|0|1|0" />
        <i3dMapping id="deattachedHoseOutAdapter2" node="0>0|0|3|0|1|1" />
        <i3dMapping id="attachedHoseIn1" node="0>0|0|3|0|2|0" />
        <i3dMapping id="attachedHoseOut1" node="0>0|0|3|0|3|0" />
        <i3dMapping id="attachedHoseIn2" node="0>0|0|3|0|4|0" />
        <i3dMapping id="attachedHoseOut2" node="0>0|0|3|0|4|1" />
        <i3dMapping id="deattachedHoseInOut_3" node="0>0|0|3|0|5" />
        <i3dMapping id="deattachedHoseInAdapter3" node="0>0|0|3|0|5|0" />
        <i3dMapping id="deattachedHoseOutAdapter3" node="0>0|0|3|0|5|1" />
		<i3dMapping id="attachedHoseIn3" node="0>0|0|3|0|6" />
		<i3dMapping id="attachedHoseOut3" node="0>0|0|3|0|7" />
        <i3dMapping id="wheelbaseFront" node="0>0|1|0" />
        <i3dMapping id="wheelbaseBack" node="0>0|1|0|0|0" />
        <i3dMapping id="wheelBack" node="0>0|1|0|0|0|0" />
        <i3dMapping id="wheelLeft" node="0>0|1|0|1" />
        <i3dMapping id="wheelRight" node="0>0|1|0|2" />
        <i3dMapping id="supportSkis" node="0>0|1|1" />
        <i3dMapping id="pipeMain" node="0>0|2|0" />
        <i3dMapping id="rotatePipe" node="0>0|2|0|0|0|0" />
        <i3dMapping id="dischargeNodeAnim" node="0>0|2|0|0|0|0|0" />
        <i3dMapping id="dischargeNode" node="0>0|2|0|0|0|0|0|0" />
        <i3dMapping id="pipe2" node="0>0|2|0|0|1" />
        <i3dMapping id="hydraulicPipeRef" node="0>0|2|0|0|1|0" />
		<i3dMapping id="lappRef" node="0>0|2|0|0|1|1" />
		<i3dMapping id="small1" node="0>0|2|0|0|1|2|0" />
		<i3dMapping id="big1" node="0>0|2|0|0|1|2|1" />
		<i3dMapping id="smoke1" node="0>0|2|0|0|1|2|2" />
		<i3dMapping id="unload1" node="0>0|2|0|0|1|2|3" />
		<i3dMapping id="small2" node="0>0|2|0|0|1|3|0" />
		<i3dMapping id="big2" node="0>0|2|0|0|1|3|1" />
		<i3dMapping id="smoke2" node="0>0|2|0|0|1|3|2" />
		<i3dMapping id="unload2" node="0>0|2|0|0|1|3|3" />
		<i3dMapping id="small3" node="0>0|2|0|0|1|4|0" />
		<i3dMapping id="big3" node="0>0|2|0|0|1|4|1" />
		<i3dMapping id="smoke3" node="0>0|2|0|0|1|4|2" />
		<i3dMapping id="unload3" node="0>0|2|0|0|1|4|3" />
		<i3dMapping id="small4" node="0>0|2|0|0|1|5|0" />
		<i3dMapping id="big4" node="0>0|2|0|0|1|5|1" />
		<i3dMapping id="smoke4" node="0>0|2|0|0|1|5|2" />
		<i3dMapping id="unload4" node="0>0|2|0|0|1|5|3" />
		<i3dMapping id="small5" node="0>0|2|0|0|1|6|0" />
		<i3dMapping id="big5" node="0>0|2|0|0|1|6|1" />
		<i3dMapping id="smoke5" node="0>0|2|0|0|1|6|2" />
		<i3dMapping id="unload5" node="0>0|2|0|0|1|6|3" />
		<i3dMapping id="small6" node="0>0|2|0|0|1|7|0" />
		<i3dMapping id="big6" node="0>0|2|0|0|1|7|1" />
		<i3dMapping id="smoke6" node="0>0|2|0|0|1|7|2" />
		<i3dMapping id="unload6" node="0>0|2|0|0|1|7|3" />
		<i3dMapping id="small7" node="0>0|2|0|0|1|8|0" />
		<i3dMapping id="big7" node="0>0|2|0|0|1|8|1" />
		<i3dMapping id="smoke7" node="0>0|2|0|0|1|8|2" />
		<i3dMapping id="unload7" node="0>0|2|0|0|1|8|3" />
		<i3dMapping id="small8" node="0>0|2|0|0|1|9|0" />
		<i3dMapping id="big8" node="0>0|2|0|0|1|9|1" />
		<i3dMapping id="smoke8" node="0>0|2|0|0|1|9|2" />
		<i3dMapping id="unload8" node="0>0|2|0|0|1|9|3" />
		<i3dMapping id="small9" node="0>0|2|0|0|1|10|0" />
		<i3dMapping id="big9" node="0>0|2|0|0|1|10|1" />
		<i3dMapping id="smoke9" node="0>0|2|0|0|1|10|2" />
		<i3dMapping id="unload9" node="0>0|2|0|0|1|10|3" />
		<i3dMapping id="small10" node="0>0|2|0|0|1|11|0" />
		<i3dMapping id="big10" node="0>0|2|0|0|1|11|1" />
		<i3dMapping id="smoke10" node="0>0|2|0|0|1|11|2" />
		<i3dMapping id="unload10" node="0>0|2|0|0|1|11|3" />
		<i3dMapping id="small11" node="0>0|2|0|0|1|12|0" />
		<i3dMapping id="big11" node="0>0|2|0|0|1|12|1" />
		<i3dMapping id="smoke11" node="0>0|2|0|0|1|12|2" />
		<i3dMapping id="unload11" node="0>0|2|0|0|1|12|3" />
		<i3dMapping id="small12" node="0>0|2|0|0|1|13|0" />
		<i3dMapping id="big12" node="0>0|2|0|0|1|13|1" />
		<i3dMapping id="smoke12" node="0>0|2|0|0|1|13|2" />
		<i3dMapping id="unload12" node="0>0|2|0|0|1|13|3" />
		<i3dMapping id="small13" node="0>0|2|0|0|1|14|0" />
		<i3dMapping id="big13" node="0>0|2|0|0|1|14|1" />
		<i3dMapping id="smoke13" node="0>0|2|0|0|1|14|2" />
		<i3dMapping id="unload13" node="0>0|2|0|0|1|14|3" />
		<i3dMapping id="small14" node="0>0|2|0|0|1|15|0" />
		<i3dMapping id="big14" node="0>0|2|0|0|1|15|1" />
		<i3dMapping id="smoke14" node="0>0|2|0|0|1|15|2" />
		<i3dMapping id="unload14" node="0>0|2|0|0|1|15|3" />
		<i3dMapping id="small15" node="0>0|2|0|0|1|16|0" />
		<i3dMapping id="big15" node="0>0|2|0|0|1|16|1" />
		<i3dMapping id="smoke15" node="0>0|2|0|0|1|16|2" />
		<i3dMapping id="unload15" node="0>0|2|0|0|1|16|3" />
		<i3dMapping id="small16" node="0>0|2|0|0|1|17|0" />
		<i3dMapping id="big16" node="0>0|2|0|0|1|17|1" />
		<i3dMapping id="smoke16" node="0>0|2|0|0|1|17|2" />
		<i3dMapping id="unload16" node="0>0|2|0|0|1|17|3" />
		<i3dMapping id="small17" node="0>0|2|0|0|1|18|0" />
		<i3dMapping id="big17" node="0>0|2|0|0|1|18|1" />
		<i3dMapping id="smoke17" node="0>0|2|0|0|1|18|2" />
		<i3dMapping id="unload17" node="0>0|2|0|0|1|18|3" />
        <i3dMapping id="hydraulicPipe" node="0>0|2|0|1" />
        <i3dMapping id="hydraulicPipePunch" node="0>0|2|0|1|0" />
        <i3dMapping id="hose7Ref" node="0>0|2|0|1|1" />
        <i3dMapping id="hose8Ref" node="0>0|2|0|1|2" />
		<i3dMapping id="hose9Ref" node="0>0|2|0|1|3" />
        <i3dMapping id="hose10Ref" node="0>0|2|0|1|4" />
        <i3dMapping id="lapp" node="0>0|2|0|2|0" />
        <i3dMapping id="effectPipe" node="0>0|2|0|3" />
        <i3dMapping id="pipeMainPhysics" node="0>0|2|1" />
        <i3dMapping id="colEndPhysics" node="0>0|2|1|0" />
        <i3dMapping id="vinger" node="0>0|2|2" />
        <i3dMapping id="venstreVinge" node="0>0|2|2|0" />
        <i3dMapping id="hydraulicLeftRef" node="0>0|2|2|0|0" />
        <i3dMapping id="levelerLeft" node="0>0|2|2|0|1" />
        <i3dMapping id="venstreVingePhysics" node="0>0|2|2|1" />
        <i3dMapping id="hoyreVinge" node="0>0|2|2|2" />
        <i3dMapping id="hydraulicRightRef" node="0>0|2|2|2|0" />
        <i3dMapping id="levelerRight" node="0>0|2|2|2|1" />
        <i3dMapping id="hoyreVingePhysics" node="0>0|2|2|3" />
        <i3dMapping id="hydraulicLeft" node="0>0|2|2|4" />
        <i3dMapping id="hydraulicLeftPunch" node="0>0|2|2|4|0" />
        <i3dMapping id="hose3Ref" node="0>0|2|2|4|1" />
        <i3dMapping id="hose4Ref" node="0>0|2|2|4|2" />
        <i3dMapping id="hydraulicRight" node="0>0|2|2|5" />
        <i3dMapping id="hydraulicRightPunch" node="0>0|2|2|5|0" />
        <i3dMapping id="hose1Ref" node="0>0|2|2|5|1" />
        <i3dMapping id="hose2Ref" node="0>0|2|2|5|2" />
        <i3dMapping id="hose1" node="0>0|2|2|6|0" />
        <i3dMapping id="hose2" node="0>0|2|2|7|0" />
        <i3dMapping id="hose3" node="0>0|2|2|8|0" />
        <i3dMapping id="hose4" node="0>0|2|2|9|0" />
        <i3dMapping id="rotor" node="0>0|2|3" />
        <i3dMapping id="hose9" node="0>0|2|4|0" />
        <i3dMapping id="hose10" node="0>0|2|5|0" />
        <i3dMapping id="pickUpNode" node="0>0|3" />
        <i3dMapping id="sidevingerAttach" node="0>0|4|0" />
        <i3dMapping id="trailerTrigger1" node="0>0|5|0" />
        <i3dMapping id="emitShape" node="0>0|6|0" />
        <i3dMapping id="emitShapeChunks" node="0>0|6|1" />
        <i3dMapping id="emitShapeChunksBig" node="0>0|6|2" />
        <i3dMapping id="emitShapeSmoke" node="0>0|6|3" />
        <i3dMapping id="emitShapeSmoke1" node="0>0|6|4" />
        <i3dMapping id="emitShapeChunksBig2" node="0>0|6|5" />
        <i3dMapping id="effectMesh" node="0>0|6|6" />
    </i3dMappings>
</vehicle>