<?xml version="1.0" encoding="utf-8" standalone="no"?>
<modDesc descVersion="44">
    <author>GIANTS Software, Realismus Modding</author>
    <version>1.0.2.0</version>

    <title>
        <en>Hauer Snow Pack</en>
    </title>

    <description>
        <en><![CDATA[Snow removal tools from Hauer. Spread salt to remove small layers of snow. Salt does not work on deeper snow. Use the snow plow to move around any snow.

Hauer TS215 salt spreader
Price: 12000€
Max. working speed: 25 kph
Working width: 4 m
Container volume: 1500 l

Hauer SRS3 snow plow with adjustable blade
Price: 16000€
Max. working speed: 25 kph
Working width: 3 m

Changelog 1.0.2:
- Fix for bug during configuration.

Changelog 1.0.1:
- Fix for snowplow that cuased crashes.
        ]]>
        </en>
        <de><![CDATA[Schneeräumungswerkzeuge von Hauer. Streue Salz, um niedrige Schneeschichten zu entfernen. Salz wirkt nicht bei höherem Schnee. Benutze den Schneepflug, um den Schnee zu räumen.

Hauer TS215 Salzstreuer
Preis: 12000€
Max. Arbeitsgeschwindigkeit: 25 km/h
Arbeitsbreite: 4 m
Behältervolumen: 1500 l

Hauer SRS3 Schneepflug mit verstellbarer Schaufel
Preis: 16000€
Max. Arbeitsgeschwindigkeit: 25 km/h
Arbeitsbreite: 3 m

Changelog 1.0.2:
- Fix for bug during configuration.

Changelog 1.0.1:
- Fix for snowplow that cuased crashes.
        ]]>
        </de>
         <fr><![CDATA[Outils de déneigement de Hauer. Épandre du sel pour enlever les petites couches de neige. Le sel ne fonctionne pas sur la neige trop épaisse. Utilisez le chasse-neige pour déblayer la neige.

Hauer TS215 épandeur de sel
Prix: 12000€
Vitesse maxi de travail: 25 kph
Largeur de travail: 4 m
Capacité de la cuve: 1500 l

Hauer SRS3 chasse-neige avec lame orientable
Prix: 16000€
Vitesse maxi de travail: 25 kph
Largeur de travail: 3 m

Changelog 1.0.2:
- Fix for bug during configuration.

Changelog 1.0.1:
- Fix for snowplow that cuased crashes.
        ]]>
        </fr>
    </description>

    <iconFilename>icon.png</iconFilename>

    <multiplayer supported="true"/>

    <extraSourceFiles>
        <sourceFile filename="src/SeasonsAvailabilityCheck.lua"/>
    </extraSourceFiles>

    <specializations>
        <specialization name="saltSpreader" className="SaltSpreader" filename="src/SaltSpreader.lua"/>
        <specialization name="snowPlow" className="SnowPlow" filename="src/SnowPlow.lua"/>
    </specializations>

    <vehicleTypes>
        <type name="saltSpreader" parent="spreader" filename="$dataS/scripts/vehicles/Vehicle.lua">
            <specialization name="saltSpreader"/>
            <specialization name="dischargeable"/>
            <specialization name="bunkerSiloInteractor"/>
            <specialization name="shovel"/>
        </type>
        <type name="snowPlow" className="Vehicle" filename="$dataS/scripts/vehicles/Vehicle.lua">
            <specialization name="baseMaterial"/>
            <specialization name="tipOccluder"/>
            <specialization name="foliageBending"/>
            <specialization name="washable"/>
            <specialization name="wearable"/>
            <specialization name="dynamicallyLoadedParts"/>
            <specialization name="animatedVehicle"/>
            <specialization name="cylindered"/>
            <specialization name="mountable"/>
            <specialization name="wheels"/>
            <specialization name="slopeCompensation"/>
            <specialization name="speedRotatingParts"/>
            <specialization name="attachable"/>
            <specialization name="lights"/>
            <specialization name="powerTakeOffs"/>
            <specialization name="powerConsumer"/>
            <specialization name="suspensions"/>
            <specialization name="aiImplement"/>
            <specialization name="connectionHoses"/>
            <specialization name="attacherJoints"/>
            <specialization name="foldable"/>
            <specialization name="cylinderedFoldable"/>
            <specialization name="fillUnit"/>
            <specialization name="fillVolume"/>
            <specialization name="cover"/>
            <specialization name="snowPlow"/>
        </type>
    </vehicleTypes>

    <storeItems>
        <storeItem xmlFilename="hauer/TS215/TS215.xml"/>
        <storeItem xmlFilename="hauer/SRS3/SRS3.xml"/>
    </storeItems>

    <brands>
        <brand name="HAUER" title="Hauer" image="brand_hauer.dds"/>
    </brands>

    <brandColors>
        <color name="HAUER_ORANGE1" value="0.9176 0.1943 0.0 1"/>
    </brandColors>

    <l10n>
        <text name="typeDesc_saltSpreader">
            <en>Salt Spreader</en>
            <de>Salzstreuer</de>
            <fr>Epandeur de sel</fr>
            <ru>разбрасыватель соли</ru>
        </text>
        <text name="function_saltSpreader">
            <en>Salt spreaders spread salt that melts small layers of snow.</en>
            <de>Salzstreuer verteilen Salz, das niedrigen Schnee zum Schmelzen bringt.</de>
            <fr>Les épandeurs de sel épandent du sel qui fait fondre de petites couches de neige.</fr>
            <ru>Разбрасыватель необходим для посыпания дорог солью, чтобы таял снег.</ru>
        </text>
        <text name="typeDesc_snowPlow">
            <en>snow plow</en>
            <de>Schneepflug</de>
            <fr>Chasse-neige</fr>
            <ru>отвал для снега</ru>
        </text>
        <text name="function_snowPlow">
            <en>Snow plows move snow to clear a path.</en>
            <de>Schneepflüge räumen Schnee beiseite, um einen Weg frei zu machen.</de>
            <fr>Les chasse-neiges déplacent la neige pour dégager un chemin.</fr>
            <ru>Отвал для расчистки дорог от снега.</ru>
        </text>
    </l10n>
</modDesc>
