<?xml version="1.0" encoding="utf-8" standalone="no" ?>
<crops>
    <annotation>Copyright (c) Realismus Modding, 2019</annotation>
    <version>2</version>

    <growth overwrite="true">
        <defaultCrops>
            <defaultCrop name="BARLEY"/>
            <defaultCrop name="OAT"/>
            <defaultCrop name="WHEAT"/>
            <defaultCrop name="CANOLA"/>
            <defaultCrop name="MAIZE"/>
            <defaultCrop name="SOYBEAN"/>
            <defaultCrop name="SUNFLOWER"/>
            <defaultCrop name="POTATO"/>
            <defaultCrop name="SUGARBEET"/>
            <defaultCrop name="POPLAR"/>
            <defaultCrop name="GRASS"/>
            <defaultCrop name="OILSEEDRADISH" />
            <defaultCrop name="WEED" />
            <defaultCrop name="DRYGRASS" />
            <defaultCrop name="SUGARCANE" />
            <defaultCrop name="COTTON"/>
        </defaultCrops>

        <growthTransitions>
            <gt index="1" />
            <gt index="2" />
            <gt index="3" />
            <gt index="4" />
            <gt index="5" />
            <gt index="6" />
            <gt index="7" />
            <gt index="8" />
            <gt index="9" />
            <gt index="10" />
            <gt index="11" />
            <gt index="12" />
        </growthTransitions>
    </growth>
</crops>