<?xml version="1.0" encoding="utf-8" standalone="no" ?>

<visualSeason>
    <annotation>Copyright (c) Realismus Modding, 2019</annotation>

    <latitudeCategory type="6">
        <visual period="1">winter</visual>
        <visual period="2">winter</visual>
        <visual period="3">winter</visual>
        <visual period="4">winter</visual>
        <visual period="5">winter</visual>
        <visual period="6">winter</visual>
        <visual period="7">winter</visual>
        <visual period="8">winter</visual>
        <visual period="9">winter</visual>
        <visual period="10">winter</visual>
        <visual period="11">winter</visual>
        <visual period="12">winter</visual>
    </latitudeCategory>

</visualSeason>
