<?xml version="1.0" encoding="utf-8" standalone="no" ?>
<weather>
    <annotation>Copyright (c) Realismus Modding, 2019</annotation>

    <startValues>
        <soilTemp>-10</soilTemp>
        <highAirTemp>-15</highAirTemp>
        <snowDepth>0.3</snowDepth>
    </startValues>
    <temperature>
        <dailyMaximum>
            <value period="11">-24</value>
            <value period="12">-21</value>
            <value period="1">-18</value>
            <value period="2">-13</value>
            <value period="3">-7</value>
            <value period="4">0</value>
            <value period="5">1</value>
            <value period="6">-1</value>
            <value period="7">-6</value>
            <value period="8">-13</value>
            <value period="9">-19</value>
            <value period="10">-22</value>
        </dailyMaximum>
    </temperature>
    <clouds>
        <probability>
            <value period="11">0.68</value>
            <value period="12">0.64</value>
            <value period="1">0.64</value>
            <value period="2">0.55</value>
            <value period="3">0.52</value>
            <value period="4">0.49</value>
            <value period="5">0.43</value>
            <value period="6">0.46</value>
            <value period="7">0.48</value>
            <value period="8">0.58</value>
            <value period="9">0.66</value>
            <value period="10">0.70</value>
        </probability>
    </clouds>
    <rain>
        <probability>
            <value period="11">0.36</value>
            <value period="12">0.28</value>
            <value period="1">0.27</value>
            <value period="2">0.26</value>
            <value period="3">0.26</value>
            <value period="4">0.25</value>
            <value period="5">0.23</value>
            <value period="6">0.25</value>
            <value period="7">0.26</value>
            <value period="8">0.34</value>
            <value period="9">0.36</value>
            <value period="10">0.35</value>
        </probability>
        <rainfall>
            <value period="11">65</value>
            <value period="12">50</value>
            <value period="1">44</value>
            <value period="2">41</value>
            <value period="3">43</value>
            <value period="4">45</value>
            <value period="5">42</value>
            <value period="6">44</value>
            <value period="7">48</value>
            <value period="8">68</value>
            <value period="9">70</value>
            <value period="10">68</value>
        </rainfall>
    </rain>
    <wind>
        <speed>
            <value period="11">5.9</value>
            <value period="12">5.7</value>
            <value period="1">5.4</value>
            <value period="2">4.8</value>
            <value period="3">4.7</value>
            <value period="4">4.5</value>
            <value period="5">4.5</value>
            <value period="6">4.4</value>
            <value period="7">4.7</value>
            <value period="8">5.2</value>
            <value period="9">5.4</value>
            <value period="10">5.7</value>
        </speed>
    </wind>
    <hail>
        <probability>
            <value season="0">0.0</value>
            <value season="1">0.0</value>
            <value season="2">0.0</value>
            <value season="3">0.0</value>
        </probability>
    </hail>
</weather>
