﻿<?xml version="1.0" encoding="utf-8" standalone="no" ?>
<modDesc descVersion="44">
    <author>giants adub modding</author>
    <version>1.0</version>
    <title>
        <en>pickup 2014 snow plow</en>
    </title>
    <description>
        <en>
            <![CDATA[adub modding snow plow mount]]>
        </en>
    </description>	
    <iconFilename>store_pickup2014.dds</iconFilename>
    <multiplayer supported="true" />
    <storeItems>
        <storeItem xmlFilename="pickup2014.xml"/>
    </storeItems>
	
	<vehicleTypes>
		<type name="truck" parent="carFillable" filename="$dataS/scripts/vehicles/Vehicle.lua">
		</type>
	</vehicleTypes>
</modDesc>
