﻿<?xml version="1.0" encoding="utf-8" standalone="no" ?>
<vehicle type="carFillable">
    <annotation>Copyright (C) GIANTS Software GmbH, All Rights Reserved.</annotation>
    <storeData>
        <name>
            <en>Pickup 2014 snow plow</en></name>
        <specs>
            <power>400</power>
            <maxSpeed>120</maxSpeed>
        </specs>
        <functions>
            <function>$l10n_function_car</function>
        </functions>
        <image>store_pickup2014.dds</image>
        <price>28000</price>
        <lifetime>600</lifetime>
        <rotation>0</rotation>
        <brand>LIZARD</brand>
        <category>cars</category>
        <shopTranslationOffset>0 0.04 0</shopTranslationOffset>
        <shopRotationOffset>0 0 0</shopRotationOffset>
        <vertexBufferMemoryUsage>1804740</vertexBufferMemoryUsage>
        <indexBufferMemoryUsage>433242</indexBufferMemoryUsage>
        <textureMemoryUsage>15379440</textureMemoryUsage>
        <instanceVertexBufferMemoryUsage>0</instanceVertexBufferMemoryUsage>
        <instanceIndexBufferMemoryUsage>0</instanceIndexBufferMemoryUsage>
    </storeData>
    <base>
        <typeDesc>$l10n_typeDesc_car</typeDesc>
        <filename>pickup2014.i3d</filename>
        <size width="3" length="6.5"/>
        <components count="1">
            <component centerOfMass="0 0.4 -0.25" solverIterationCount="10" mass="1800"/>
        </components>
        <schemaOverlay attacherJointPosition="0 0">
            <default name="DEFAULT_VEHICLE"/>
            <selected name="DEFAULT_VEHICLE_SELECTED"/>
        </schemaOverlay>
    </base>
    <wheels>
        <wheelConfigurations>
            <wheelConfiguration name="$l10n_configuration_valueDefault" price="0">
                <wheels autoRotateBackSpeed="2.5">
                    <wheel hasParticles="true" hasTireTracks="true">
                        <physics rotSpeed="1" restLoad="0.5" repr="axisFrontLeft" driveNode="wheelFrontLeft" radius="0.42" width="0.27" forcePointRatio="0.5" initialCompression="25" suspTravel="0.13" spring="14" damper="3" frictionScale="2.5"/>
                        <tire tireTrackAtlasIndex="1"/>
                    </wheel>
                    <wheel hasParticles="true" hasTireTracks="true">
                        <physics rotSpeed="1" restLoad="0.5" repr="axisFrontRight" driveNode="wheelFrontRight" radius="0.42" width="0.27" forcePointRatio="0.5" initialCompression="25" suspTravel="0.13" spring="14" damper="3" frictionScale="2.5"/>
                        <tire tireTrackAtlasIndex="1"/>
                    </wheel>
                    <wheel hasParticles="true" hasTireTracks="true">
                        <physics rotSpeed="0" restLoad="0.7" repr="wheelBackLeft" radius="0.42" width="0.27" forcePointRatio="0.5" initialCompression="25" suspTravel="0.14" spring="19" damper="3" frictionScale="3"/>
                        <tire tireTrackAtlasIndex="1"/>
                    </wheel>
                    <wheel hasParticles="true" hasTireTracks="true">
                        <physics rotSpeed="0" restLoad="0.7" repr="wheelBackRight" radius="0.42" width="0.27" forcePointRatio="0.5" initialCompression="25" suspTravel="0.14" spring="19" damper="3" frictionScale="3"/>
                        <tire tireTrackAtlasIndex="1"/>
                    </wheel>
                </wheels>
            </wheelConfiguration>
        </wheelConfigurations>
        <ackermannSteeringConfigurations>
            <ackermannSteering rotSpeed="45" rotMax="45" rotCenterWheel1="3" rotCenterWheel2="4"/>
        </ackermannSteeringConfigurations>
    </wheels>
    <lights>
        <states>
            <state lightTypes="0"/>
            <state lightTypes="0 1"/>
        </states>
        <realLights>
            <low>
                <light node="frontLightLow" lightTypes="0"/>
                <light node="highBeamLow" lightTypes="1"/>
            </low>
            <high>
                <light node="frontLightHigh" lightTypes="0"/>
                <light node="highBeamHigh" lightTypes="1"/>
                <light node="backLightsHigh1" lightTypes="0 3"/>
                <brakeLight node="backLightsHigh1"/>
                <turnLightLeft node="turnLightLeftFront"/>
                <turnLightLeft node="turnLightLeftBack"/>
                <turnLightRight node="turnLightRightFront"/>
                <turnLightRight node="turnLightRightBack"/>
                <reverseLight node="reverseLight"/>
            </high>
        </realLights>
        <defaultLights>
            <defaultLight shaderNode="backlightsStatic" lightTypes="0 3"/>
            <defaultLight shaderNode="frontLightStatic" lightTypes="0 3"/>
            <defaultLight shaderNode="highBeamStatic" lightTypes="1"/>
        </defaultLights>
        <brakeLights>
            <brakeLight shaderNode="backlightsStatic"/>
        </brakeLights>
        <reverseLights>
            <reverseLight shaderNode="reverseLightsStatic"/>
        </reverseLights>
        <turnLights>
            <turnLightLeft shaderNode="turnlightLeftStatic"/>
            <turnLightRight shaderNode="turnlightRightStatic"/>
        </turnLights>
        <sounds>
            <switchLight template="SWITCH_01"/>
            <turnLight template="SWITCH_TURNLIGHT"/>
        </sounds>
        <dashboards>
            <dashboard displayType="EMITTER" valueType="lightState" node="dashboardDecalLightUp" intensity="0.2" lightTypes="0" groups="MOTOR_ACTIVE"/>
        </dashboards>
    </lights>
    <enterable isTabbable="true">
        <enterReferenceNode node="pickup2014_main_component1"/>
        <exitPoint node="exitPoint"/>
        <cameras count="2">
            <camera node="outdoorCamera1" rotatable="true" rotateNode="outdoorCameraTarget" limit="true" useWorldXZRotation="true" rotMinX="-1.4" rotMaxX="1" transMin="4" transMax="40" translation="0 0 5.5" rotation="-17.5 180 0">
                <raycastNode node="cameraRaycastNode1"/>
                <raycastNode node="cameraRaycastNode2"/>
            </camera>
            <camera node="indoorCamera1" rotatable="true" limit="true" rotMinX="-1.1" rotMaxX="0.4" transMin="0" transMax="0" useMirror="true" isInside="true" positionSmoothingParameter="0" shadowFocusBox="shadowFocusBox"/>
        </cameras>
        <mirrors>
            <mirror node="mirror01decal" prio="1"/>
            <mirror node="mirror02decal" prio="1"/>
            <mirror node="mirror03decal" prio="1"/>
        </mirrors>
        <characterNode node="player_skin" cameraMinDistance="1.5" spineRotation="-90 0 90">
            <target ikChain="rightFoot" targetNode="player_rightFoot"/>
            <target ikChain="leftFoot" targetNode="player_leftFoot"/>
            <target ikChain="rightArm" targetNode="player_rightHand" poseId="wideFingers"/>
            <target ikChain="leftArm" targetNode="player_leftHand" poseId="wideFingers"/>
        </characterNode>
        <characterTargetNodeModifier node="player_rightFoot" transitionTime="0.1">
            <state node="player_rightFootGas" referenceNode="gasPedal"/>
            <state node="player_rightFootBrake" referenceNode="brakePedal"/>
        </characterTargetNodeModifier>
    </enterable>
    <attacherJoints>
        <attacherJoint node="trailerAttacherJointBack" jointType="trailer" lowerRotLimit="10 70 50" upperRotationOffset="0" allowsJointLimitMovement="false" canTurnOnImplement="false" comboTime="1">
            <schema position="1 0" rotation="0" invertX="false"/>
            <attachSound template="ATTACH_01" linkNode="0>"/>
        </attacherJoint>
        <attacherJoint node="trailerAttacherJointBack" jointType="trailerLow" lowerRotLimit="10 70 50" upperRotationOffset="0" allowsJointLimitMovement="false" canTurnOnImplement="false" comboTime="1">
            <schema position="1 0" rotation="0" invertX="false"/>
            <attachSound template="ATTACH_01" linkNode="0>"/>
        </attacherJoint>
    <attacherJoint node="0>2|1" jointType="skidSteer" lowerRotLimit="0 0 0" upperRotationOffset="0" allowsJointLimitMovement="false" canTurnOnImplement="false" comboTime="1">			
	<schema position="1 0" rotation="0" invertX="false" />
	<attachSound template="ATTACH_01" linkNode="0>0" />
</attacherJoint>
	</attacherJoints>
    <connectionHoses>
        <target attacherJointIndices="1 2" type="electric" node="electricBack" socket="electric"/>
    </connectionHoses>
    <drivable>
        <sounds>
            <waterSplash template="WATER_SPLASH_01"/>
        </sounds>
        <steeringWheel node="steeringWheel" indoorRotation="540" outdoorRotation="60"/>
        <dashboards>
            <dashboard displayType="ROT" valueType="accelerationAxis" node="gasPedal" minRot="0 0 0" maxRot="30 0 0" doInterpolation="true" groups="MOTOR_ACTIVE"/>
            <dashboard displayType="ROT" valueType="decelerationAxis" node="brakePedal" minRot="0 0 0" maxRot="20 0 0" doInterpolation="true" groups="MOTOR_ACTIVE"/>
        </dashboards>
    </drivable>
    <fillUnit>
        <fillUnitConfigurations>
            <fillUnitConfiguration>
                <fillUnits>
                    <fillUnit unit="$l10n_unit_literShort" showOnHud="false" showInShop="false" fillTypes="diesel" capacity="120">
                        <dashboard displayType="ANIMATION" valueType="fillLevel" animName="loadingBarFuel" minValueAnim="0" maxValueAnim="35" groups="MOTOR_ACTIVE"/>
                    </fillUnit>
                </fillUnits>
            </fillUnitConfiguration>
        </fillUnitConfigurations>
    </fillUnit>
    <motorized>
        <consumerConfigurations>
            <consumerConfiguration>
                <consumer fillUnitIndex="1" usage="30" fillType="diesel"/>
            </consumerConfiguration>
        </consumerConfigurations>
        <differentialConfigurations>
            <differentialConfiguration>
                <differentials>
                    <differential torqueRatio="0.5" maxSpeedRatio="1.8" wheelIndex1="1" wheelIndex2="2"/>
                    
                    <differential torqueRatio="0.5" maxSpeedRatio="1.8" wheelIndex1="3" wheelIndex2="4"/>
                   
                    <differential torqueRatio="0.5" maxSpeedRatio="1.8" differentialIndex1="1" differentialIndex2="2"/>
                    
                </differentials>
            </differentialConfiguration>
        </differentialConfigurations>
        <motorConfigurations>
            <motorConfiguration name="Pickup 2014" hp="300" price="0">
                <motor torqueScale="0.6" minRpm="1000" maxRpm="6000" maxForwardSpeed="120" maxBackwardSpeed="45" brakeForce="2" lowBrakeForceScale="0.22">
                    <torque rpm="1000" torque="0.9"/>
                    <torque rpm="2400" torque="1"/>
                    <torque rpm="3480" torque="1"/>
                    <torque rpm="4560" torque="0.75"/>
                    <torque rpm="5280" torque="0.63"/>
                    <torque rpm="6000" torque="0.2"/>
                </motor>
                <transmission minForwardGearRatio="10" maxForwardGearRatio="200" minBackwardGearRatio="40" maxBackwardGearRatio="200"/>
            </motorConfiguration>
        </motorConfigurations>
        <exhaustEffects>
            <exhaustEffect node="exhaustParticle" filename="$data/particleSystems/shared/exhaust.i3d" minRpmColor="0.9 0.9 0.9 0.1" maxRpmColor="0.9 0.9 0.9 0.4" minRpmScale="0.02" maxRpmScale="0.25"/>
        </exhaustEffects>
        <dashboards>
            <dashboard displayType="ANIMATION" valueType="rpm" animName="rpmDisplay" minValueAnim="0" maxValueAnim="7000" groups="MOTOR_ACTIVE"/>
            <dashboard displayType="ANIMATION" valueType="speed" animName="speedDisplay" minValueAnim="0" maxValueAnim="220" groups="MOTOR_ACTIVE"/>
            <dashboard displayType="ANIMATION" valueType="motorTemperature" animName="loadingBarTemperature" minValueAnim="0" maxValueAnim="120" groups="MOTOR_ACTIVE"/>
        </dashboards>
        <sounds externalSoundFile="$data/sounds/vehicles/engine/lizard_pickup_2014/lizard_pickup_2014.xml"/>
    </motorized>
    <animations>
        <animation name="backDoor">
            <part node="backDoor" startTime="0" endTime="1" startRot="0 0 0" endRot="-90 0 0"/>
        </animation>
        <animation name="rpmDisplay">
            <part node="needleRpm" startTime="0" endTime="1" startRot="0 0 0" endRot="0 0 152"/>
        </animation>
        <animation name="speedDisplay">
            <part node="needleSpeed" startTime="0" endTime="1" startRot="0 0 0" endRot="0 0 234"/>
        </animation>
        <animation name="loadingBarTemperature">
            <part node="needleTemp01" startTime="0" endTime="1" startRot="0 0 84" endRot="0 0 -3"/>
            <part node="needleTemp02" startTime="0" endTime="1" startRot="0 0 -50" endRot="0 0 60"/>
        </animation>
        <animation name="loadingBarFuel">
            <part node="needleFuel" startTime="0" endTime="1" startRot="0 0 -116" endRot="0 0 0"/>
        </animation>
        <animation name="wiperFrontAnimation">
            <part node="wiper01" startTime="0" endTime="0.6" startRot="0 0 0" endRot="-82 -0.3 4"/>
            <part node="wiper01" startTime="0.6" endTime="1.2" startRot="-82 -0.3 4" endRot="0 0 0"/>
            <part node="wiper02" startTime="0" endTime="0.6" startRot="0 0 0" endRot="-82 -0.3 4"/>
            <part node="wiper02" startTime="0.6" endTime="1.2" startRot="-82 -0.3 4" endRot="0 0 0"/>
        </animation>
    </animations>
    <wipers>
        <wiper animName="wiperFrontAnimation">
            <state animSpeed="0.75" animPause="2.0"/>
            <state animSpeed="0.75" animPause="0.0"/>
            <state animSpeed="1.10" animPause="0.0"/>
        </wiper>
    </wipers>
    <foldable>
        <foldingParts>
            <foldingPart animationName="backDoor" speedScale="1"/>
        </foldingParts>
    </foldable>
    <cylindered>
        <movingTools>
            <movingTool node="backDoor" playSound="true"/>
        </movingTools>
        <movingParts>
            <movingPart node="steeringBarFrontLeft" referencePoint="steeringBarFrontLeftRef" referenceFrame="steeringBarFrontLeftRef" scaleZ="true" isActiveDirty="true"/>
            <movingPart node="steeringBarFrontRight" referencePoint="steeringBarFrontRightRef" referenceFrame="steeringBarFrontRightRef" scaleZ="true" isActiveDirty="true"/>
        </movingParts>
        <sounds>
            <hydraulic template="PICKUP_TRUNK" linkNode="pickup2014_main_component1"/>
        </sounds>
    </cylindered>
    <suspensions>
        <suspension useCharacterTorso="true" weight="90" minRotation="0 -5 -5" maxRotation="0 5 5" suspensionParametersY="7 1" suspensionParametersZ="7 1"/>
    </suspensions>
    <dashboard>
        <groups>
            <group name="MOTOR_STARTING" isMotorStarting="true"/>
            <group name="MOTOR_ACTIVE" isMotorStarting="true" isMotorRunning="true"/>
        </groups>
        <default>
            <dashboard displayType="EMITTER" node="dashboardDecalEmmisive" idleValue="-1" intensity="0.1" groups="MOTOR_ACTIVE"/>
        </default>
    </dashboard>
    <ai>
        <collisionTrigger node="aiCollisionTrigger"/>
    </ai>
    <honk>
        <sound template="HONK_JD8400R"/>
    </honk>
    <tensionBelts>
        <tensionBeltsConfigurations>
            <tensionBeltsConfiguration>
                <tensionBelts linkNode="tensionBelts" jointNode="0>" width="0.075" maxEdgeLength="0.1" geometryBias="0.01" ratchetPosition="0.2" defaultOffset="0.1" defaultOffsetSide="0.1" defaultHeight="4" activationTrigger="beltActivationTrigger">
                    <tensionBelt startNode="tensionBeltStart1" endNode="tensionBeltEnd1" offsetLeft="0.2"/>
                    <tensionBelt startNode="tensionBeltStart2" endNode="tensionBeltEnd2"/>
                    <tensionBelt startNode="tensionBeltStart3" endNode="tensionBeltEnd3" offsetRight="0.2"/>
                    <tensionBelt startNode="tensionBeltStart4" endNode="tensionBeltEnd4"/>
				</tensionBelts>
            </tensionBeltsConfiguration>
        </tensionBeltsConfigurations>
    </tensionBelts>
    <foliageBending>
        <bendingNode minX="-1.15" maxX="1.15" minZ="-2.8" maxZ="2.8" yOffset="0.05"/>
    </foliageBending>
    <baseMaterial>
        <material name="pickup2014_mat" baseNode="pickup2014_vis">
            <shaderParameter name="colorMat0" value="SHARED_GREY2"/>
        </material>
        <material name="pickup2014Rims_mat" baseNode="rim">
            <shaderParameter name="colorMat0" value="0.0179 0.0179 0.0179 16"/>
        </material>
    </baseMaterial>
    <dischargeable requiresTipOcclusionArea="false"/>
    <baseMaterialConfigurations price="1000" useDefaultColors="true" defaultColorIndex="3">
        <material name="pickup2014_mat" shaderParameter="colorMat0"/>
    </baseMaterialConfigurations>
    <designMaterialConfigurations price="100" useDefaultColors="true" defaultColorIndex="0">
        <designMaterialConfiguration name="CHROME" color="SHARED_WHITE2" material="2"/>
        <material name="pickup2014Rims_mat" shaderParameter="colorMat0"/>
    </designMaterialConfigurations>
    <wearable wearDuration="480" workMultiplier="5" fieldMultiplier="2"/>
    <washable dirtDuration="90" washDuration="1" workMultiplier="3" fieldMultiplier="2"/>
    <i3dMappings>
        <i3dMapping id="pickup2014_main_component1" node="0>"/>
        <i3dMapping id="pickup2014_vis" node="0>0"/>
        <i3dMapping id="wheels" node="0>0|0"/>
        <i3dMapping id="axisFrontLeft" node="0>0|0|0|0"/>
        <i3dMapping id="wheelFrontLeft" node="0>0|0|0|0|0|0"/>
        <i3dMapping id="rim" node="0>0|0|0|0|0|0|0"/>
        <i3dMapping id="steeringBarFrontLeft" node="0>0|0|0|0|1"/>
        <i3dMapping id="axisFrontRight" node="0>0|0|1|0"/>
        <i3dMapping id="wheelFrontRight" node="0>0|0|1|0|0|0"/>
        <i3dMapping id="steeringBarFrontRight" node="0>0|0|1|0|1"/>
        <i3dMapping id="wheelBackLeft" node="0>0|0|2"/>
        <i3dMapping id="wheelBackRight" node="0>0|0|3"/>
        <i3dMapping id="steeringBarFrontRightRef" node="0>0|0|4"/>
        <i3dMapping id="steeringBarFrontLeftRef" node="0>0|0|5"/>
        <i3dMapping id="frontLightLow" node="0>0|1|0"/>
        <i3dMapping id="highBeamLow" node="0>0|1|1"/>
        <i3dMapping id="frontLightHigh" node="0>0|1|2"/>
        <i3dMapping id="highBeamHigh" node="0>0|1|3"/>
        <i3dMapping id="backLightsHigh1" node="0>0|1|4"/>
        <i3dMapping id="turnLightLeftFront" node="0>0|1|5"/>
        <i3dMapping id="turnLightLeftBack" node="0>0|1|6"/>
        <i3dMapping id="turnLightRightFront" node="0>0|1|7"/>
        <i3dMapping id="turnLightRightBack" node="0>0|1|8"/>
        <i3dMapping id="reverseLight" node="0>0|1|9"/>
        <i3dMapping id="frontLightStatic" node="0>0|1|10|0"/>
        <i3dMapping id="backlightsStatic" node="0>0|1|10|1"/>
        <i3dMapping id="reverseLightsStatic" node="0>0|1|10|2"/>
        <i3dMapping id="highBeamStatic" node="0>0|1|10|3"/>
        <i3dMapping id="turnlightLeftStatic" node="0>0|1|10|4"/>
        <i3dMapping id="turnlightRightStatic" node="0>0|1|10|5"/>
        <i3dMapping id="outdoorCameraTarget" node="0>0|2|0"/>
        <i3dMapping id="outdoorCamera1" node="0>0|2|0|0"/>
        <i3dMapping id="indoorCamera1" node="0>0|2|1"/>
        <i3dMapping id="cameraRaycastNode1" node="0>0|2|2"/>
        <i3dMapping id="cameraRaycastNode2" node="0>0|2|3"/>
        <i3dMapping id="cameraRaycastNode3" node="0>0|2|4"/>
        <i3dMapping id="shadowFocusBox" node="0>0|2|5"/>
        <i3dMapping id="player_skin" node="0>0|3|0"/>
        <i3dMapping id="player_rightFoot" node="0>0|3|1"/>
        <i3dMapping id="player_leftFoot" node="0>0|3|2"/>
        <i3dMapping id="exitPoint" node="0>0|4"/>
        <i3dMapping id="trailerAttacherJointBack" node="0>0|5"/>
        <i3dMapping id="electricBack" node="0>0|6"/>
        <i3dMapping id="steeringWheel" node="0>0|7|0"/>
        <i3dMapping id="player_leftHand" node="0>0|7|0|1"/>
        <i3dMapping id="player_rightHand" node="0>0|7|0|2"/>
        <i3dMapping id="exhaustParticle" node="0>0|8|0"/>
        <i3dMapping id="gasPedal" node="0>0|9|0"/>
        <i3dMapping id="player_rightFootGas" node="0>0|9|0|0"/>
        <i3dMapping id="brakePedal" node="0>0|9|1"/>
        <i3dMapping id="player_rightFootBrake" node="0>0|9|1|0"/>
        <i3dMapping id="backDoor" node="0>0|9|2"/>
        <i3dMapping id="tensionBelts" node="0>0|10"/>
        <i3dMapping id="tensionBeltStart1" node="0>0|10|0"/>
        <i3dMapping id="tensionBeltEnd1" node="0>0|10|0|0"/>
        <i3dMapping id="tensionBeltStart2" node="0>0|10|1"/>
        <i3dMapping id="tensionBeltEnd2" node="0>0|10|1|0"/>
        <i3dMapping id="tensionBeltStart3" node="0>0|10|2"/>
        <i3dMapping id="tensionBeltEnd3" node="0>0|10|2|0"/>
       	<i3dMapping id="beltActivationTrigger" node="0>0|10|3"/>      
	    <i3dMapping id="tensionBeltStart4" node="0>0|10|4"/>
        <i3dMapping id="tensionBeltEnd4" node="0>0|10|4|0"/>	   
	    <i3dMapping id="needleSpeed" node="0>0|11|0|0"/>
        <i3dMapping id="needleRpm" node="0>0|11|0|1"/>
        <i3dMapping id="needleTemp01" node="0>0|11|0|2"/>
        <i3dMapping id="needleTemp02" node="0>0|11|0|3"/>
        <i3dMapping id="needleFuel" node="0>0|11|0|4"/>
        <i3dMapping id="dashboardDecalEmmisive" node="0>0|11|1"/>
        <i3dMapping id="dashboardDecalLightUp" node="0>0|11|2"/>
        <i3dMapping id="wiper01" node="0>0|12|0|0"/>
        <i3dMapping id="wiper02" node="0>0|12|1|0"/>
        <i3dMapping id="aiCollisionTrigger" node="0>0|13|0"/>
        <i3dMapping id="mirror01decal" node="0>0|14|0"/>
        <i3dMapping id="mirror02decal" node="0>0|14|1"/>
        <i3dMapping id="mirror03decal" node="0>0|14|2"/>
    </i3dMappings>
</vehicle>
