<?xml version="1.0" encoding="utf-8" standalone="no" ?>
<vehicle type="baseAttachable">
    <annotation>Copyright (C) DD ModPassion, All Rights Reserved.</annotation>
    <storeData>
        <name>
            <en>Tow Bar</en>
            <de>Abschleppstange</de>
        </name>
        <specs>
            <combination>$l10n_ui_vehicle</combination>
        </specs>
        <functions>
            <function>$l10n_function_towBar</function>
        </functions>
        <image>image/store_towBar.png</image>
        <price>500</price>
        <lifetime>600</lifetime>
        <rotation>0</rotation>
        <brand>LIZARD</brand>
        <category>misc</category>
    </storeData>
    <base>
        <typeDesc>
            <en>Tow Bar</en>
            <de>Abschleppstange</de>
        </typeDesc>
        <filename>filename/towBar.i3d</filename>
        <size width="0.5" length="2.5"/>
        <components>
            <component centerOfMass="0 0.1 0" mass="100"/>
        </components>
        <schemaOverlay attacherJointPosition="0 0">
            <default name="DEFAULT_IMPLEMENT"/>
            <selected name="DEFAULT_IMPLEMENT_SELECTED"/>
        </schemaOverlay>
    </base>
    <attachable>
        <inputAttacherJoints>
            <inputAttacherJoint jointType="trailer" node="0|0"/>
        </inputAttacherJoints>
        <brakeForce>1</brakeForce>
    </attachable>
    <attacherJoints>
        <attacherJoint node="0|1" jointType="hookLift" lowerRotLimit="10 55 55" upperRotationOffset="0" allowsJointLimitMovement="false" canTurnOnImplement="false">
            <schema position="1 0" rotation="0" invertX="false"/>
        </attacherJoint>
        <sounds>
            <attach template="ATTACH_01" linkNode="0"/>
        </sounds>
    </attacherJoints>
    <baseMaterial>
        <material name="towBar_mat" baseNode="0>0">
            <shaderParameter name="colorMat0" material="8" value="0.5 0.5 0.5"/>
        </material>
    </baseMaterial>
    <designMaterialConfigurations useDefaultColors="true" price="50" defaultColorIndex="0">
        <designMaterialConfiguration color="0.5 0.5 0.5"/>
        <material name="towBar_mat" shaderParameter="colorMat0"/>
    </designMaterialConfigurations>
</vehicle>