<?xml version="1.0" encoding="utf-8" standalone="no" ?>
<modDesc descVersion="53">
    <author>ClubPetey</author>
    <version>1.1.0.0</version>
    <title>
        <en>Price Fixing</en>
        <de>Preisabsprachen</de>
        <fr>Prix Fixe</fr>
    </title>
    <description>
        <en>
<![CDATA[
Change the prices of shop items.  Improve Game Balance.

This script will let you change the price of shop items, configurations or fill-types.  You can also hide an item from the shop, using a single configuration file. It is designed for those that want to change/hide items for balance reasons while still being able to update mods.  It has great use for map makers as well. 

When the mod is started for the first time, it will create a PriceFixing.xml file in a "modsSettings" directory located in the same place as your "mods" directory.

All changes are indexed by the XML definition file of the item.  To help you find the correct file name to make a change, the console command "priceList" will output all prices to log.txt.  

Changelog 1.1.0.0:
- You can now change the price of configurations (like the cost of engine upgrades) (see Example #5)
- You can now delete map elements off your map if you know the node-path (see Example #6)
- You can now change the capacity of trailer, silos, and other objects (see Example #7)

The examples below show how different XML can be added to the file to change item properties:

Adding &lt;change&gt; elements to the PriceFixing.xml file can 
EXAMPLE #1: Change the price of another mod's item (the "~" is replaced with the path to your mod directory)
&lt;change file="~/FS19_NOVACAT_varia_pack/poettingerNovaCat301.xml" price="12042" /&gt;

EXAMPLE #2: hide a standard item from the store (base-game items use the full path to their XML file)
&lt;change hide="true" file="data/placeables/sheds/easyShed02.xml" /&gt;

EXAMPLE #3: Change the price, daily upkeep and name
&lt;change file="data/placeables/sheds/easyShed01.xml"&gt;
  &lt;price&gt;42042&lt;/price&gt;
  &lt;upkeep&gt;42&lt;/upkeep&gt;
  &lt;name&gt;Petey Shed #1&lt;/name&gt;
&lt;/change&gt;

EXAMPLE #4: Change the base price of wheat (per liter)
&lt;change_filltype id="WHEAT" price="0.347000"/&gt;

Example #5: Change the cost of the Guidance Steering mod's configuration item to $3500
(configuration ids use the form config_name + "-" + index and are found in the mod's XML file or in the mod source)
&lt;change_config id="buyableGPS-2" price="3500"/&gt;

Example #6: Delete the trash-area in the starting farm on the Ravenport map
(The node path can be found using the Giants' Editor)
&lt;delete map="data/maps/mapUS.i3d" node="17|0|23|4|1"/&gt;

Example #7: Change the capacity and price of the hay loft:
&lt;change file="data/placeables/hayLoft/hayLoft.xml" price="50000" capacity="1500000" /&gt;
]]>
        </en>
        <de>
<![CDATA[
Ändern Sie die Preise für Shop-Artikel. Spielbalance verbessern.

Mit diesem Skript können Sie den Preis von Shop-Artikeln, Konfigurationen oder Füllarten ändern. Sie können einen Artikel auch mithilfe einer einzigen Konfigurationsdatei aus dem Shop ausblenden. Es wurde für diejenigen entwickelt, die Elemente aus Gründen des Gleichgewichts ändern / ausblenden möchten, während sie dennoch Mods aktualisieren können. Es ist auch für Kartenhersteller von großem Nutzen.

Wenn der Mod zum ersten Mal gestartet wird, wird eine PriceFixing.xml-Datei in einem "modsSettings" -Verzeichnis erstellt, das sich an derselben Stelle befindet wie Ihr "mods" -Verzeichnis.

Alle Änderungen werden durch die XML-Definitionsdatei des Elements indiziert. Um den richtigen Dateinamen für eine Änderung zu finden, gibt der Konsolenbefehl "priceList" alle Preise in log.txt aus.

Die folgenden Beispiele zeigen, wie der Datei verschiedene XML-Dateien hinzugefügt werden können, um die Elementeigenschaften zu ändern:

Changelog 1.1.0.0:
- Sie können jetzt den Preis für Konfigurationen ändern (z. B. die Kosten für Motor-Upgrades) (siehe Beispiel 5).
- Sie können jetzt Kartenelemente von Ihrer Karte löschen, wenn Sie den Knotenpfad kennen (siehe Beispiel 6).
- Sie können jetzt die Kapazität von Anhängern, Silos und anderen Objekten ändern (siehe Beispiel 7).

Hinzufügen von &lt;change&gt; Elemente in die PriceFixing.xml Datei

Beispiel 1: Ändere den Preis eines anderen Mod-Artikels (das "~" wird durch den Pfad zu deinem Mod-Verzeichnis ersetzt)
&lt;change file="~/FS19_NOVACAT_varia_pack/poettingerNovaCat301.xml" price="12042" /&gt;

Beispiel 2: Verstecken eines Standardelements aus dem Store (Basisspielobjekte verwenden den vollständigen Pfad zu ihrer XML-Datei)
&lt;change hide="true" file="data/placeables/sheds/easyShed02.xml" /&gt;

Beispiel 3: Ändern Sie den Preis, den täglichen Unterhalt und den Namen
&lt;change file="data/placeables/sheds/easyShed01.xml"&gt;
  &lt;price&gt;42042&lt;/price&gt;
  &lt;upkeep&gt;42&lt;/upkeep&gt;
  &lt;name&gt;Petey Shed #1&lt;/name&gt;
&lt;/change&gt;

Beispiel 4: Ändern Sie den Grundpreis für Weizen (pro Liter)
&lt;change_filltype id="WHEAT" price="0.347000"/&gt;

Beispiel 5: Ändern Sie die Kosten für das Konfigurationselement des Guidance Steering-Mods in $ 3500
(Konfigurations-IDs verwenden die Form config_name + "-" + index und befinden sich in der XML-Datei des Mods oder in der Mod-Quelle.)
&lt;change_config id="buyableGPS-2" price="3500"/&gt;

Beispiel 6: Löschen Sie den Papierkorb in der Startfarm auf der Ravenport-Karte
(Der Knotenpfad kann mit dem Giants 'Editor gefunden werden.)
&lt;delete map="data/maps/mapUS.i3d" node="17|0|23|4|1"/&gt;

Beispiel 7: Ändern Sie die Kapazität und den Preis des Heubodens:
&lt;change file="data/placeables/hayLoft/hayLoft.xml" price="50000" capacity="1500000" /&gt;
]]>
        </de>
        <fr>
<![CDATA[
Modifiez les prix des articles de la boutique. Améliorez l'équilibre du jeu.

Ce script vous permettra de modifier le prix des articles de la boutique, des configurations ou des types de remplissage. Vous pouvez également masquer un article de la boutique à l'aide d'un seul fichier de configuration. Il est conçu pour ceux qui souhaitent modifier / masquer des éléments pour des raisons d'équilibre tout en pouvant mettre à jour les mods. Il est également très utile pour les cartographes.

Lorsque le mod est lancé pour la première fois, il créera un fichier PriceFixing.xml dans un répertoire "modsSettings" situé au même endroit que votre répertoire "mods".

Toutes les modifications sont indexées par le fichier de définition XML de l'élément. Pour vous aider à trouver le nom de fichier correct pour effectuer une modification, la commande de console "priceList" affichera tous les prix dans log.txt.

Les exemples ci-dessous montrent comment différents XML peuvent être ajoutés au fichier pour modifier les propriétés de l'élément:

Changelog 1.1.0.0:
- Vous pouvez maintenant modifier le prix des configurations (comme le coût des mises à niveau du moteur) (voir l'exemple # 5)
- Vous pouvez maintenant supprimer des éléments de carte de votre carte si vous connaissez le chemin du nœud (voir l'exemple # 6)
- Vous pouvez maintenant modifier la capacité de la remorque, des silos et d'autres objets (voir l'exemple # 7)

L'ajout d'éléments &lt;change&gt; au fichier PriceFixing.xml peut

EXEMPLE 1: Changer le prix d'un article d'un autre mod 
(le "~" est remplacé par le chemin de votre répertoire de mod)
&lt;change file="~/FS19_NOVACAT_varia_pack/poettingerNovaCat301.xml" price="12042" /&gt;

EXEMPLE 2: masquer un élément standard de la boutique 
(les éléments du jeu de base utilisent le chemin complet de leur fichier XML)
&lt;change hide="true" file="data/placeables/sheds/easyShed02.xml" /&gt;

EXEMPLE 3: Changer le prix, l'entretien quotidien et le nom
&lt;change file="data/placeables/sheds/easyShed01.xml"&gt;
  &lt;price&gt;42042&lt;/price&gt;
  &lt;upkeep&gt;42&lt;/upkeep&gt;
  &lt;name&gt;Petey Shed #1&lt;/name&gt;
&lt;/change&gt;

EXEMPLE 4: Modifier le prix de base du blé (par litre)
&lt;change_filltype id="WHEAT" price="0.347000"/&gt;

Exemple 5: modifiez le coût de l'élément de configuration du mod Guidance Steering à 3500 
(les identifiants de configuration utilisent la forme nom_config + "-" + index et se trouvent dans le fichier XML du mod ou dans la source du mod)&lt;change_config id="buyableGPS-2" price="3500"/&gt;

Exemple 6: Supprimez la zone de déchets dans la ferme de départ sur la carte Ravenport
(Le chemin du nœud peut être trouvé à l'aide de l'éditeur des géants)
&lt;delete map="data/maps/mapUS.i3d" node="17|0|23|4|1"/&gt;

Exemple 7: Changez la capacité et le prix du grenier à foin:
&lt;change file="data/placeables/hayLoft/hayLoft.xml" price="50000" capacity="1500000" /&gt;
]]>        
        </fr>
    </description>
    <iconFilename>price_fix.png</iconFilename>
    <multiplayer supported="true" />
    <extraSourceFiles>
      <sourceFile filename="CPLogger.lua" />
      <sourceFile filename="PriceFixing.lua" />
	  </extraSourceFiles>
</modDesc>
