﻿<?xml version="1.0" encoding="utf-8" standalone="no" ?>
<modDesc descVersion="46">
    <author>DD ModPassion</author>
    <version>1.2.1.0</version>
    <title>
        <en>Tow Bar</en>
        <de>Abschleppstange</de>
    </title>
    <description>
        <en><![CDATA[A tow bar gets attached to the back of a vehicle and can be used for pulling another vehicle.

Changelog: 1.2.1.0
- fixed for vehicle type "selfPropelledSprayer"
- fixed for vehicle type "combineDrivable"
- fixed for vehicle type "combineCutterFruitPreparer"
- fixed for vehicle type "cottonHarvester"
- fixed for vehicle type "drivableMixerWagon"
- fixed for vehicle type "loaderVehicle"
- fixed for vehicle type "selfPropelledMower"
- fixed for vehicle type "forwarder"
- fixed for vehicle type "woodHarvester"

Changelog: 1.2.0.0
- fixed for vehicle type "woodCrusherTrailerDrivable"

Changelog: 1.1.0.0
- added value for brakeForce
- fixed with overwritten function, the nil value for function Attachable.getCanAIImplementContinueWork
- fixed with overwritten function for Attachable.getIsImplementChainLowered
- clean incorrect game values
]]></en>
        <de><![CDATA[Eine Abschleppstange wird an der Rückseite eines Fahrzeugs angehängt, um ein anderes Fahrzeug ziehen zu können.

Changelog: 1.2.1.0
- behoben für Fahrzeugtyp "selfPropelledSprayer"
- behoben für Fahrzeugtyp "combineDrivable"
- behoben für Fahrzeugtyp "combineCutterFruitPreparer"
- behoben für Fahrzeugtyp "cottonHarvester"
- behoben für Fahrzeugtyp "drivableMixerWagon"
- behoben für Fahrzeugtyp "loaderVehicle"
- behoben für Fahrzeugtyp "selfPropelledMower"
- behoben für Fahrzeugtyp "forwarder"
- behoben für Fahrzeugtyp "woodHarvester"

Changelog: 1.2.0.0
- behoben für Fahrzeugtyp "woodCrusherTrailerDrivable"

Changelog: 1.1.0.0
- Wert für brakeForce erhöht
- Eintrag für Attachable.getCanAIImplementContinueWork gefixt
- Überschriebener der Attachable.getIsImplementChainLowered Funktion gefixt
- Werte angepasst
]]></de>
    </description>
    <iconFilename>icon_towBar.png</iconFilename>
    <multiplayer supported="true"/>
    <l10n>
        <text name="function_towBar">
            <en>A tow bar gets attached to the back of a vehicle and can be used for pulling another vehicle.</en>
            <de>Eine Abschleppstange wird an der Rückseite eines Fahrzeugs angehängt, um ein anderes Fahrzeug ziehen zu können.</de>
        </text>
    </l10n>
    <extraSourceFiles>
        <sourceFile filename="specializations/attachableRegister.lua"/>
    </extraSourceFiles>
    <storeItems>
        <storeItem xmlFilename="xmlFilename/towBar.xml"/>
    </storeItems>
</modDesc>