<?xml version="1.0" encoding="utf-8" standalone="no" ?>
<sounds>
    <motorStart template="TRUCK_MOTOR_START" file="sounds/start.ogg" linkNode="0>"/>
    <motorStop template="TRUCK_MOTOR_STOP" file="sounds/stop.ogg" linkNode="0>"/>

    <motor template="TRUCK_MOTOR_IDLE" file="sounds/idle.ogg" linkNode="0>"/>
    <motor template="TRUCK_MOTOR_OFFLOAD_RUN" file="sounds/run.ogg" linkNode="0>"/>
    <motor template="TRUCK_MOTOR_ONLOAD_RUN" file="sounds/load.ogg" linkNode="0>"/>

    <gearbox template="DEFAULT_GEARBOX" file="sounds/transmission.ogg" linkNode="0>"/>
    <retarder template="DEFAULT_RETARDER" file="sounds/retarder.ogg" linkNode="0>"/>

    <airCompressorStart template="TRUCK_BRAKE_COMPRESSOR_START" linkNode="0>"/>
    <airCompressorStop template="TRUCK_BRAKE_COMPRESSOR_STOP" linkNode="0>"/>
    <airCompressorRun template="BRAKE_COMPRESSOR_RUN" linkNode="0>"/>
    <compressedAir template="TRUCK_BRAKE" linkNode="0>"/>
    <airRelease template="TRUCK_BRAKE_REGULATOR_VALVE" linkNode="0>"/>

    <reverseDrive template="REVERSE_BEEP_03" linkNode="0>" />
</sounds>
