﻿<?xml version="1.0" encoding="utf-8" standalone="no" ?>
<modDesc descVersion="51">
    <author>MyGameSteam</author>
    <version>1.2.0.0</version>
    <iconFilename>icon.dds</iconFilename>
    <storeItems>
        <storeItem xmlFilename="western.xml"/>
    </storeItems>
    <title>
        <en>Western Twin-Steer Truck</en>
    </title>
	<description>
		<en>
			Western Twin-Steer Truck Is A Huge FlatBed 8 Wheeler Truck.
				The Truck Had Been Tested With A 13.7 Tons Of Load On Its Bed And Driven On A 75 Degree Slope.
			
			Price:95000$
			MaxSpeed: 83 km/h
			2 Kind Of Wheels Available.
			
			Update V1.1.0.0:
			4 Types Of Bed Added:
								- Stock Bed
								- Tipper Bed: Capacity: 1.000.000 Litres
								- Liquid Tank: Capacity: 120.000 Litres
								- Log Bed
			Update V1.2.0.0:
							- Fixed The Fill Issue In The Tipper Bed
							- Fixed The Honk
		</en>
	</description>
	<multiplayer supported="true"/>
	
	
	
	<brands>
		<brand name="MGSWESTERN" title="Western Star" image="logo.dds" />
	</brands>
	
    <vehicleTypes>
        <type name="western" parent="tractor" className="Vehicle" filename="$dataS/scripts/vehicles/Vehicle.lua">
			<specialization name="tensionBelts"/>
		</type>
        <type name="Grain" parent="tractor" className="Vehicle" filename="$dataS/scripts/vehicles/Vehicle.lua">
		<specialization name="foldable"/>
		<specialization name="fillVolume" />
		<specialization name="fillTriggerVehicle" />
		<specialization name="dischargeable" />
		<specialization name="trailer" />
		<specialization name="watertrailer" />
		</type>
    </vehicleTypes>
	
</modDesc>		