﻿<?xml version="1.0" encoding="utf-8" standalone="no" ?>
<vehicle type="western">
    <annotation>Copyright (C) GIANTS Software GmbH, All Rights Reserved.</annotation>
    <storeData>
        <name>
            <en>Western Truck</en></name>
        <specs>
            <power>620</power>
            <maxSpeed>80</maxSpeed>
        </specs>
        <functions>
            <function>$l10n_function_truck</function>
        </functions>
        <image>icon.dds</image>
        <price>95000</price>
        <lifetime>600</lifetime>
        <rotation>0</rotation>
        <brand>MGSWESTERN</brand>
        <category>trucks</category>
        <vertexBufferMemoryUsage>3542732</vertexBufferMemoryUsage>
        <indexBufferMemoryUsage>1089360</indexBufferMemoryUsage>
        <textureMemoryUsage>28049896</textureMemoryUsage>
        <instanceVertexBufferMemoryUsage>0</instanceVertexBufferMemoryUsage>
        <instanceIndexBufferMemoryUsage>0</instanceIndexBufferMemoryUsage>
    </storeData>
    <base>
        <typeDesc>$l10n_typeDesc_truck</typeDesc>
        <filename>truckL.i3d</filename>
        <size width="3.5" length="10" lengthOffset="-1"/>
        <components>
            <component centerOfMass="-0.145 0.68 -2.243" solverIterationCount="10" mass="9535"/>
			<component centerOfMass="0 -0.2 0" solverIterationCount="10" mass="5" />
			<component centerOfMass="0 -0.2 0" solverIterationCount="10" mass="5" />
			
			<joint component1="1" component2="2" node="1>0" rotLimit="8 0 0" transLimit="0 0 0" />
			<joint component1="1" component2="3" node="2>0" rotLimit="8 0 0" transLimit="0 0 0" />
        </components>
        <schemaOverlay attacherJointPosition="0 0">
            <default name="DEFAULT_VEHICLE"/>
            <selected name="DEFAULT_VEHICLE_SELECTED"/>
        </schemaOverlay>
    </base>
	
	<configurationSets title="Bed Configurations">
        <configurationSet name="Stock Bed">
			<configuration name="vehicleType" index="1" />
            <configuration name="fillUnit"     index="1" />
			<configuration name="attacherJoint" index="1" />
			<configuration name="tensionBelts" index="1" />
			<configuration name="trailer" index="2" />
        </configurationSet>
		<configurationSet name="Tipper">
			<configuration name="vehicleType" index="2" />
            <configuration name="fillUnit"     index="2" />
			<configuration name="attacherJoint" index="2" />
			<configuration name="tensionBelts" index="2" />
			<configuration name="trailer" index="1" />
        </configurationSet>
		<configurationSet name="Tank">
			<configuration name="vehicleType" index="3" />
            <configuration name="fillUnit"     index="3" />
			<configuration name="attacherJoint" index="2" />
			<configuration name="tensionBelts" index="2" />
			<configuration name="trailer" index="2" />
        </configurationSet>
		<configurationSet name="Log Bed">
			<configuration name="vehicleType" index="4" />
            <configuration name="fillUnit"     index="1" />
			<configuration name="attacherJoint" index="2" />
			<configuration name="tensionBelts" index="3" />
			<configuration name="trailer" index="2" />
        </configurationSet>
	</configurationSets>
	
	
	
    <wheels>
        <wheelConfigurations>
            <wheelConfiguration name="$l10n_configuration_valueDefault" price="0">
                <wheels autoRotateBackSpeed="2.2">
                    <wheel filename="wheels/wheels.xml" isLeft="true" hasTireTracks="true" hasParticles="true">
                        <physics rotSpeed="1" restLoad="2.8" repr="axisFrontLeft" driveNode="wheel01" forcePointRatio="0.5" initialCompression="25" suspTravel="0.95" spring="10" damper="10" frictionScale="3"/>
                    </wheel>
                    <wheel filename="wheels/wheels.xml" isLeft="false" hasTireTracks="true" hasParticles="true">
                        <physics rotSpeed="1" restLoad="2.9" repr="axisFrontRight" driveNode="wheel02" forcePointRatio="0.5" initialCompression="25" suspTravel="0.95" spring="10" damper="10" frictionScale="3"/>
                    </wheel>
                    <wheel filename="wheels/wheels.xml" isLeft="true" hasTireTracks="true" hasParticles="true">
                        <physics rotSpeed="0" restLoad="1.2" repr="wheel03" forcePointRatio="0.5" initialCompression="25" suspTravel="0.95" spring="10" damper="10" frictionScale="3"/>
                    </wheel>
                    <wheel filename="wheels/wheels.xml" isLeft="false" hasTireTracks="true" hasParticles="true">
                        <physics rotSpeed="0" restLoad="1.2" repr="wheel04" forcePointRatio="0.5" initialCompression="25" suspTravel="0.95" spring="10" damper="10" frictionScale="3"/>
                    </wheel>
                    <wheel filename="wheels/wheels.xml" isLeft="true" hasTireTracks="true" hasParticles="true">
                        <physics rotSpeed="0" restLoad="1.3" repr="wheel05" forcePointRatio="0.5" initialCompression="25" suspTravel="0.95" spring="10" damper="10" frictionScale="3"/>
                    </wheel>
                    <wheel filename="wheels/wheels.xml" isLeft="false" hasTireTracks="true" hasParticles="true">
                        <physics rotSpeed="0" restLoad="1.3" repr="wheel06" forcePointRatio="0.5" initialCompression="25" suspTravel="0.95" spring="10" damper="10" frictionScale="3"/>
                    </wheel>
                    <wheel filename="wheels/wheels.xml" isLeft="true" hasTireTracks="true" hasParticles="true">
                        <physics rotSpeed="1" restLoad="2.8" repr="0>0|0|6" driveNode="0>0|0|6|0" forcePointRatio="0.5" initialCompression="25" suspTravel="0.95" spring="10" damper="10" frictionScale="3"/>
                    </wheel>
                    <wheel filename="wheels/wheels.xml" isLeft="false" hasTireTracks="true" hasParticles="true">
                        <physics rotSpeed="1" restLoad="2.9" repr="0>0|0|7" driveNode="0>0|0|7|0" forcePointRatio="0.5" initialCompression="25" suspTravel="0.95" spring="10" damper="10" frictionScale="3"/>
                    </wheel>
                </wheels>
            </wheelConfiguration>
            <wheelConfiguration name="Offroad" price="1000">
                <wheels autoRotateBackSpeed="2.2">
                    <wheel filename="wheels/offroad.xml" isLeft="true" hasTireTracks="true" hasParticles="true">
                        <physics rotSpeed="1" restLoad="2.8" repr="axisFrontLeft" driveNode="wheel01" forcePointRatio="0.5" initialCompression="25" suspTravel="0.95" spring="10" damper="10" frictionScale="3"/>
                    </wheel>
                    <wheel filename="wheels/offroad.xml" isLeft="false" hasTireTracks="true" hasParticles="true">
                        <physics rotSpeed="1" restLoad="2.9" repr="axisFrontRight" driveNode="wheel02" forcePointRatio="0.5" initialCompression="25" suspTravel="0.95" spring="10" damper="10" frictionScale="3"/>
                    </wheel>
                    <wheel filename="wheels/offroad.xml" isLeft="true" hasTireTracks="true" hasParticles="true">
                        <physics rotSpeed="0" restLoad="1.2" repr="wheel03" forcePointRatio="0.5" initialCompression="25" suspTravel="0.95" spring="10" damper="10" frictionScale="3"/>
                    </wheel>
                    <wheel filename="wheels/offroad.xml" isLeft="false" hasTireTracks="true" hasParticles="true">
                        <physics rotSpeed="0" restLoad="1.2" repr="wheel04" forcePointRatio="0.5" initialCompression="25" suspTravel="0.95" spring="10" damper="10" frictionScale="3"/>
                    </wheel>
                    <wheel filename="wheels/offroad.xml" isLeft="true" hasTireTracks="true" hasParticles="true">
                        <physics rotSpeed="0" restLoad="1.3" repr="wheel05" forcePointRatio="0.5" initialCompression="25" suspTravel="0.95" spring="10" damper="10" frictionScale="3"/>
                    </wheel>
                    <wheel filename="wheels/offroad.xml" isLeft="false" hasTireTracks="true" hasParticles="true">
                        <physics rotSpeed="0" restLoad="1.3" repr="wheel06" forcePointRatio="0.5" initialCompression="25" suspTravel="0.95" spring="10" damper="10" frictionScale="3"/>
                    </wheel>
                    <wheel filename="wheels/offroad.xml" isLeft="true" hasTireTracks="true" hasParticles="true">
                        <physics rotSpeed="1" restLoad="2.8" repr="0>0|0|6" driveNode="0>0|0|6|0" forcePointRatio="0.5" initialCompression="25" suspTravel="0.95" spring="10" damper="10" frictionScale="3"/>
                    </wheel>
                    <wheel filename="wheels/offroad.xml" isLeft="false" hasTireTracks="true" hasParticles="true">
                        <physics rotSpeed="1" restLoad="2.9" repr="0>0|0|7" driveNode="0>0|0|7|0" forcePointRatio="0.5" initialCompression="25" suspTravel="0.95" spring="10" damper="10" frictionScale="3"/>
                    </wheel>
                </wheels>
            </wheelConfiguration>
        </wheelConfigurations>
        <ackermannSteeringConfigurations>
            <ackermannSteering rotSpeed="75" rotMax="55" rotCenterWheel1="3" rotCenterWheel2="4"/>
        </ackermannSteeringConfigurations>
    </wheels>
    <lights>
        <states>
            <state lightTypes="0"/>
            <state lightTypes="0 1"/>
            <state lightTypes="0 1 2"/>
            <state lightTypes="0 1 2 3"/>
        </states>
        <realLights>
            <low>
                <light node="frontLightLow" lightTypes="0"/>
                <light node="highBeamLow" lightTypes="1"/>
                <light node="foglightLow" lightTypes="2"/>
                <light node="worklight" lightTypes="3"/>
                <reverseLight node="reverseLight"/>
            </low>
            <high>
                <light node="frontLightHigh" lightTypes="0"/>
                <light node="highBeamHigh" lightTypes="1"/>
                <light node="foglightHigh" lightTypes="2"/>
                <light node="worklight" lightTypes="3"/>
                <light node="backLightsHigh1" lightTypes="0 3"/>
                <brakeLight node="backLightsHigh1"/>
                <turnLightLeft node="turnLightLeftFront"/>
                <turnLightLeft node="turnLightLeftBack"/>
                <turnLightRight node="turnLightRightFront"/>
                <turnLightRight node="turnLightRightBack"/>
                <reverseLight node="reverseLight"/>
            </high>
        </realLights>
        <defaultLights>
            <defaultLight shaderNode="0>0|13|3|0" lightTypes="0 3" intensity="10"/>
            <defaultLight shaderNode="0>0|13|3|1" lightTypes="0 3" intensity="10"/>
            <defaultLight shaderNode="0>0|13|3|8" lightTypes="0 3" intensity="10"/>
            <defaultLight shaderNode="0>0|13|3|9" lightTypes="0 3" intensity="10"/>
            <defaultLight shaderNode="0>0|13|3|5" lightTypes="3" intensity="10"/>
            <defaultLight shaderNode="0>0|13|3|2" lightTypes="0" intensity="10"/>
            <defaultLight shaderNode="0>0|13|3|3" lightTypes="1" intensity="10"/>
            <defaultLight shaderNode="0>0|13|3|4" lightTypes="2" intensity="10"/>
        </defaultLights>
        <turnLights>
            <turnLightLeft shaderNode="0>0|13|3|6" intensity="15"/>
            <turnLightRight shaderNode="0>0|13|3|7" intensity="15"/>
        </turnLights>
        <brakeLights>
            <brakeLight shaderNode="0>0|13|3|1" intensity="25"/>
        </brakeLights>
        <reverseLights>
            <reverseLight shaderNode="0>0|13|3|10"/>
        </reverseLights>
		
       <beaconLights>
           <beaconLight node="beaconLight01" speed="0.015" filename="$data/shared/assets/beaconLights/lizard/beaconLight01.xml" />
           <beaconLight node="beaconLight02" speed="0.015" filename="$data/shared/assets/beaconLights/lizard/beaconLight01.xml" />
       </beaconLights>
		
        <sounds>
            <switchLight template="SWITCH_01" linkNode="0>"/>
            <turnLight template="SWITCH_TURNLIGHT" linkNode="0>"/>
        </sounds>
        <dashboards>
            <dashboard displayType="EMITTER" valueType="lightState" node="0>0|13|1|0" intensity="2" lightTypes="0" groups="MOTOR_ACTIVE"/>
            <dashboard displayType="EMITTER" valueType="turnLightLeft" node="0>0|15|0" intensity="2"/>
            <dashboard displayType="EMITTER" valueType="turnLightRight" node="0>0|15|1" intensity="2"/>
			
            <dashboard displayType="EMITTER" valueType="lightState" node="0>0|8|1|0|0" intensity="2" lightTypes="0" groups="MOTOR_ACTIVE"/>
            <dashboard displayType="EMITTER" valueType="lightState" node="0>0|8|1|1|0" intensity="2" lightTypes="0" groups="MOTOR_ACTIVE"/>
            <dashboard displayType="EMITTER" valueType="lightState" node="0>0|8|1|2|0" intensity="2" lightTypes="0" groups="MOTOR_ACTIVE"/>
            <dashboard displayType="EMITTER" valueType="lightState" node="0>0|8|1|3|0" intensity="2" lightTypes="0" groups="MOTOR_ACTIVE"/>
            <dashboard displayType="EMITTER" valueType="lightState" node="0>0|8|1|4|0" intensity="2" lightTypes="0" groups="MOTOR_ACTIVE"/>
            <dashboard displayType="EMITTER" valueType="lightState" node="0>0|8|1|5|0" intensity="2" lightTypes="0" groups="MOTOR_ACTIVE"/>
            <dashboard displayType="EMITTER" valueType="lightState" node="0>0|8|1|6|0" intensity="2" lightTypes="0" groups="MOTOR_ACTIVE"/>
            <dashboard displayType="EMITTER" valueType="lightState" node="0>0|8|1|7|0" intensity="2" lightTypes="0" groups="MOTOR_ACTIVE"/>
            <dashboard displayType="EMITTER" valueType="lightState" node="0>0|8|1|8|0" intensity="2" lightTypes="0" groups="MOTOR_ACTIVE"/>
            <dashboard displayType="EMITTER" valueType="lightState" node="0>0|8|1|9|0" intensity="2" lightTypes="0" groups="MOTOR_ACTIVE"/>
            <dashboard displayType="EMITTER" valueType="lightState" node="0>0|8|1|10|0" intensity="2" lightTypes="0" groups="MOTOR_ACTIVE"/>
            <dashboard displayType="EMITTER" valueType="lightState" node="0>0|8|1|11|0" intensity="2" lightTypes="0" groups="MOTOR_ACTIVE"/>
        </dashboards>
    </lights>
    <enterable isTabbable="true">
        <enterReferenceNode node="exitPoint"/>
        <exitPoint node="exitPoint"/>
        <cameras>
            <camera node="outdoorCamera1" rotatable="true" rotateNode="outdoorCameraTarget" limit="true" useWorldXZRotation="true" rotMinX="-1.4" rotMaxX="1" transMin="6" transMax="40" translation="0 0 11" rotation="-19 180 0">
                <raycastNode node="cameraRaycastNode1"/>
                <raycastNode node="cameraRaycastNode2"/>
                <raycastNode node="cameraRaycastNode3"/>
            </camera>
            <camera node="indoorCamera1" rotatable="true" limit="true" rotMinX="-1.1" rotMaxX="0.4" transMin="0" transMax="0" useMirror="true" isInside="true" shadowFocusBox="shadowFocusBox"/>
        </cameras>
        <characterNode node="playerSkin" cameraMinDistance="1.5" spineRotation="-90 0 90">
            <target ikChain="rightFoot" targetNode="playerRightFootTarget"/>
            <target ikChain="leftFoot" targetNode="playerLeftFootTarget"/>
            <target ikChain="rightArm" targetNode="playerRightHandTarget"/>
            <target ikChain="leftArm" targetNode="playerLeftHandTarget"/>
        </characterNode>
        <characterTargetNodeModifier node="playerRightFootTarget" transitionTime="0.1">
            <state node="playerRightFootTargetGas" referenceNode="gasPedal"/>
            <state node="playerRightFootTargetBrake" referenceNode="brakePedal"/>
        </characterTargetNodeModifier>
        <mirrors>
            <mirror node="mirrorsDecal01" prio="0.5"/>
            <mirror node="mirrorsDecal02" prio="0.5"/>
        </mirrors>
    </enterable>
    <motorized>
        <consumerConfigurations>
            <consumerConfiguration>
                <consumer fillUnitIndex="1" usage="186" fillType="diesel"/>
                <!-- usage is per hour at max load and max rpm -->
                <consumer fillUnitIndex="2" usage="300" fillType="air" permanentConsumption="false" refillLitersPerSecond="350" refillCapacityPercentage="0.5"/>
                <!-- usage per second at full brake power -->
            </consumerConfiguration>
        </consumerConfigurations>
        <differentialConfigurations>
            <differentialConfiguration>
                <differentials>
                    <differential torqueRatio="0.5" maxSpeedRatio="1.3" wheelIndex1="3" wheelIndex2="4"/>
                    <!-- middle -->
                    <differential torqueRatio="0.5" maxSpeedRatio="1.3" wheelIndex1="5" wheelIndex2="6"/>
                    <!-- back -->
                    <differential torqueRatio="0.5" maxSpeedRatio="1.3" differentialIndex1="1" differentialIndex2="2"/>
                    <!-- middle-back -->
                    <differential torqueRatio="0.5" maxSpeedRatio="1.3" wheelIndex1="1" wheelIndex2="2"/>
                    <!-- front -->
                    <differential torqueRatio="0.5" maxSpeedRatio="1.3" differentialIndex1="3" differentialIndex2="4"/>
                    <!-- middle-front -->
                    <differential torqueRatio="0.5" maxSpeedRatio="1.3" wheelIndex1="7" wheelIndex2="8"/>
					
                    <differential torqueRatio="0.5" maxSpeedRatio="1.3" differentialIndex1="5" differentialIndex2="6"/>
                </differentials>
            </differentialConfiguration>
        </differentialConfigurations>
        <motorConfigurations>
            <motorConfiguration name="Stock" hp="620" price="0">
                <motor torqueScale="3.97" minRpm="850" maxRpm="3200" maxForwardSpeed="83" maxBackwardSpeed="15" brakeForce="5" lowBrakeForceScale="0.22" rotInertia="0.00594">
                    <torque rpm="850" torque="0.9"/>
                    <torque rpm="1000" torque="1"/>
                    <torque rpm="1450" torque="1"/>
                    <torque rpm="1900" torque="0.75"/>
                    <torque rpm="2200" torque="0.63"/>
                    <torque rpm="2500" torque="0.2"/>
                </motor>
                <transmission minForwardGearRatio="10" maxForwardGearRatio="200" minBackwardGearRatio="40" maxBackwardGearRatio="200"/>
            </motorConfiguration>
        </motorConfigurations>
        <exhaustEffects>
            <exhaustEffect node="exhaustParticle01" filename="$data/particleSystems/shared/exhaust.i3d" minRpmColor="0 0 0 1" maxRpmColor="0 0 0 5" minRpmScale="0.1" maxRpmScale="0.55" xzRotationsOffset="40 0" xzRotationsForward="0 0" xzRotationsBackward="100 0" xzRotationsLeft="0 -100" xzRotationsRight="0 100"/>
            <exhaustEffect node="exhaustParticle02" filename="$data/particleSystems/shared/exhaust.i3d" minRpmColor="0 0 0 1" maxRpmColor="0 0 0 5" minRpmScale="0.1" maxRpmScale="0.55" xzRotationsOffset="40 0" xzRotationsForward="0 0" xzRotationsBackward="100 0" xzRotationsLeft="0 -100" xzRotationsRight="0 100"/>
        </exhaustEffects>
        <sounds externalSoundFile="sounds/sound.xml"/>
        <dashboards>
            <dashboard displayType="ANIMATION" valueType="motorTemperature" animName="tempDisplay" minValueAnim="0" maxValueAnim="250" groups="MOTOR_ACTIVE"/>
            <dashboard displayType="ANIMATION" valueType="rpm" animName="rpmDisplay" minValueAnim="0" maxValueAnim="3000" groups="MOTOR_ACTIVE"/>
            <dashboard displayType="ANIMATION" valueType="speed" animName="speedDisplay" minValueAnim="0" maxValueAnim="100" groups="MOTOR_ACTIVE"/>
            <dashboard displayType="ANIMATION" valueType="motorTemperature" animName="axleTempDisplay" minValueAnim="0" maxValueAnim="300" groups="MOTOR_ACTIVE"/>
            <dashboard displayType="ANIMATION" valueType="motorTemperature" animName="exhausTempDisplay" minValueAnim="0" maxValueAnim="200" groups="MOTOR_ACTIVE"/>
            <dashboard displayType="ANIMATION" valueType="rpm" animName="turboDisplay" minValueAnim="1800" maxValueAnim="2000" groups="MOTOR_ACTIVE"/>
            <dashboard displayType="ANIMATION" valueType="speed" animName="Clutch" minValueAnim="0" maxValueAnim="1" groups="MOTOR_ACTIVE"/>
        </dashboards>
    </motorized>
    <drivable>
        <sounds>
            <waterSplash template="WATER_SPLASH_01" linkNode="0>"/>
        </sounds>
        <steeringWheel node="steeringWheel" indoorRotation="360" outdoorRotation="30"/>
        <dashboards>
            <dashboard displayType="ROT" valueType="decelerationAxis" node="brakePedal" minRot="0 180 0" maxRot="-30 180 0" doInterpolation="true" groups="MOTOR_ACTIVE"/>
            <dashboard displayType="ROT" valueType="accelerationAxis" node="gasPedal" minRot="0 180 0" maxRot="-30 180 0" doInterpolation="true" groups="MOTOR_ACTIVE"/>
            <dashboard displayType="ROT" valueType="decelerationAxis" node="0>0|13|2|0" minRot="0 0 0" maxRot="-30 0 0" doInterpolation="true" groups="MOTOR_ACTIVE"/>
            <dashboard displayType="ROT" valueType="accelerationAxis" node="0>0|13|2|2" minRot="0 0 0" maxRot="30 0 0" doInterpolation="true" groups="MOTOR_ACTIVE"/>
            <dashboard displayType="ROT" valueType="movingDirection" node="0>0|13|2|3" minRot="12 0 0" maxRot="-15 0 15" doInterpolation="true" interpolationSpeed="0.01" groups="MOTOR_ACTIVE"/>
		</dashboards>
    </drivable>
    <fillUnit>
        <fillUnitConfigurations>
            <fillUnitConfiguration>
                <fillUnits>
                    <fillUnit unit="$l10n_unit_literShort" showOnHud="false" showInShop="false" fillTypes="diesel" capacity="880">
                        <dashboard displayType="ANIMATION" valueType="fillLevel" animName="fuelDisplay" groups="MOTOR_ACTIVE"/>
                    </fillUnit>
                    <fillUnit unit="$l10n_unit_literShort" showOnHud="false" showInShop="false" fillTypes="air" capacity="5000"/>
					<fillUnit unit="$l10n_unit_literShort" showOnHud="false" showInShop="false" fillTypeCategories="bulk" capacity="0" updateMass="false">
                        <exactFillRootNode node="0>0|16|0|0|1|2" />
                    </fillUnit>
                </fillUnits>
            </fillUnitConfiguration>

            <fillUnitConfiguration>
                <fillUnits>
                    <fillUnit unit="$l10n_unit_literShort" showOnHud="false" showInShop="false" fillTypes="diesel" capacity="880">
                        <dashboard displayType="ANIMATION" valueType="fillLevel" animName="fuelDisplay" groups="MOTOR_ACTIVE"/>
                    </fillUnit>
                    <fillUnit unit="$l10n_unit_literShort" showOnHud="false" showInShop="false" fillTypes="air" capacity="5000"/>
					<fillUnit unit="$l10n_unit_literShort" fillTypeCategories="bulk" capacity="1000000" updateMass="false">
                        <exactFillRootNode node="0>0|16|0|0|1|2" />
                    </fillUnit>
                </fillUnits>
            </fillUnitConfiguration>

            <fillUnitConfiguration>
                <fillUnits>
                    <fillUnit unit="$l10n_unit_literShort" showOnHud="false" showInShop="false" fillTypes="diesel" capacity="880">
                        <dashboard displayType="ANIMATION" valueType="fillLevel" animName="fuelDisplay" groups="MOTOR_ACTIVE"/>
                    </fillUnit>
                    <fillUnit unit="$l10n_unit_literShort" showOnHud="false" showInShop="false" fillTypes="air" capacity="5000"/>
					<fillUnit unit="$l10n_unit_literShort" fillTypes="MILK FUEL WATER DIESEL DEF LIQUIDFERTILIZER HERBICIDE LIQUIDMANURE DIGESTATE" capacity="120000" updateMass="false">
                        <exactFillRootNode node="0>0|16|1|2|0|0"/>
                    </fillUnit>
                </fillUnits>
            </fillUnitConfiguration>
        </fillUnitConfigurations>
    </fillUnit>
    <attacherJoints comboDuration="2">
        <attacherJointConfigurations>
            <attacherJointConfiguration>
                <attacherJoint node="attacherJointSemiTrailer" jointType="semitrailer" allowsJointLimitMovement="false" allowsLowering="false" lowerRotLimit="12 125 12">
                    <schema position="1 0" rotation="0" invertX="false"/>
                    <attachSound template="TRUCK_ATTACH_01" linkNode="0>"/>
                </attacherJoint>
				<attacherJoint node="trailerAttacherJointBack" jointType="trailer" allowsJointLimitMovement="false" allowsLowering="false" lowerRotLimit="10 60 50" lowerTransLimit="0 0 0" canTurnOnImplement="false" comboTime="1" >
					<schema position="1 0" rotation="0" invertX="false" />
				</attacherJoint>
				<sounds>
					<attach template="ATTACH_01" />
					<hydraulic template="DEFAULT_HYDRAULIC_SOUND" />
				</sounds>
            </attacherJointConfiguration>
			
            <attacherJointConfiguration>
				<attacherJoint node="trailerAttacherJointBack" jointType="trailer" allowsJointLimitMovement="false" allowsLowering="false" lowerRotLimit="10 60 50" lowerTransLimit="0 0 0" canTurnOnImplement="false" comboTime="1" >
					<schema position="1 0" rotation="0" invertX="false" />
				</attacherJoint>
				<sounds>
					<attach template="ATTACH_01" />
					<hydraulic template="DEFAULT_HYDRAULIC_SOUND" />
				</sounds>
            </attacherJointConfiguration>
			
        </attacherJointConfigurations>
        <sounds>
            <attach template="ATTACH_01" linkNode="0>"/>
            <hydraulic template="DEFAULT_HYDRAULIC_SOUND" linkNode="0>"/>
        </sounds>
    </attacherJoints>
    <honk>
        <sound template="HONK_LIZARD_TRUCK" linkNode="0>"/>
    </honk>
    <dashboard>
        <groups>
            <group name="MOTOR_STARTING" isMotorStarting="true"/>
            <group name="MOTOR_ACTIVE" isMotorStarting="true" isMotorRunning="true"/>
        </groups>
    </dashboard>
	
<!--Grain-->	
    <fillVolume>
        <fillVolumeConfigurations>
            <fillVolumeConfiguration>
                <volumes>
                    <volume node="0>0|16|0|0|1|1" maxDelta="0.23" maxAllowedHeapAngle="18" fillUnitIndex="3" />
                </volumes>
            </fillVolumeConfiguration>
        </fillVolumeConfigurations>
        <unloadInfos>
            <unloadInfo>
                <node node="0>0|16|0|0|1|0" width="0.4" length="0.4" />
            </unloadInfo>
        </unloadInfos>
    </fillVolume>
	
	<trailer>
        <trailerConfigurations>
            <trailerConfiguration>
                <trailer>
                    <tipSide name="$l10n_info_tipSideBack" dischargeNodeIndex="1">
                        <animation name="tipAnimationBack" speedScale="1.0" />
                        <doorAnimation name="backDoor2" speedScale="1.0" startTipTime="1" delayedClosing="false"/>
                    </tipSide>
                </trailer>
            </trailerConfiguration>
            <trailerConfiguration>
            </trailerConfiguration>
        </trailerConfigurations>
    </trailer>
	
<!--/-->	
	
    <dischargeable>
        <dischargeNode node="0>0|16|0|3" emptySpeed="10000" fillUnitIndex="3" unloadInfoIndex="1" >
            <info width="1.0" length="0.5" />
            <effects>
                <effectNode effectNode="0>0|16|0|0|1|4|0" materialType="unloading" materialTypeId="1" fadeTime="0.5" />
                <effectNode effectNode="0>0|16|0|0|1|4|1" materialType="smoke"     materialTypeId="1" fadeTime="0.5" />
            </effects>
        </dischargeNode>
        <dischargeNode node="0>0|16|1|2|0|2" emptySpeed="1500" fillUnitIndex="3" canDischargeToGround="false">
            <info width="2" length="3"/>
            <trigger node="0>0|16|1|2|0|3"/>
        </dischargeNode>
    </dischargeable>
	

    <waterTrailer fillUnitIndex="3" fillLitersPerSecond="1500" fillNode="0>">
        <sounds>
            <refill template="DEFAULT_REFUEL_SOUND" linkNode="0>"/>
        </sounds>
    </waterTrailer>
	
	
    <fillTriggerVehicle triggerNode="0>0|16|1|2|0|1" fillUnitIndex="3" litersPerSecond="1500"/>
	
	
	
	
	
	
    <animations>
	
	
        <animation name="backDoor2">
            <part node="0>0|16|0|0|2" startTime="0" endTime="5" startRot="0 0 0" endRot="34.76 0 0"/>
        </animation>
		<animation name="tipAnimationBack">
            <part node="0>0|16|0|0" startTime="0" endTime="5" startRot="0 0 0" endRot="-30.255 0 0"/>
            <part node="0>0|16|0|1" startTime="0" endTime="5" startRot="0 0 0" endRot="-18.77 0 0"/>
            <part node="0>0|16|0|1|0" startTime="0" endTime="5" startTrans="0 0 -0.004" endTrans="0 0.864 -0.004"/>
            <part node="0>0|16|0|1|0|0" startTime="0" endTime="5" startTrans="0 0 0" endTrans="0 0.864 0"/>
            <part node="0>0|16|0|1|0|0|0" startTime="0" endTime="5" startTrans="0 0 0" endTrans="0 0.864 0"/>
            <part node="0>0|16|0|1|0|0|0|0" startTime="0" endTime="5" startTrans="0 0 0" endTrans="0 0.864 0"/>
            <part node="0>0|16|0|1|0|0|0|0|0" startTime="0" endTime="5" startTrans="0 0 0" endTrans="0 0.864 0"/>
            <part node="0>0|16|0|1|0|0|0|0|0|0" startTime="0" endTime="5" startTrans="0 0 0" endTrans="0 0.864 0"/>
			
        </animation>
        <animation name="Clutch">
            <part node="0>0|13|2|1" startTime="0" endTime="0.01" startRot="-25 0 0" endRot="0 0 0"/>
            <part node="0>0|8|4" startTime="0" endTime="0.01" startRot="-19.6 10 0" endRot="-44.6 10 0"/>
        </animation>
        <animation name="speedDisplay">
            <part node="speedNeedle" startTime="0" endTime="1" startRot="0 0 0" endRot="0 0 230"/>
        </animation>
        <animation name="rpmDisplay">
            <part node="rpmNeedle" startTime="0" endTime="1" startRot="0 0 0" endRot="0 0 230"/>
        </animation>
        <animation name="fuelDisplay">
            <part node="fuelNeedle" startTime="0" endTime="1" startRot="0 0 0" endRot="0 0 120"/>
            <part node="jdid" startTime="0" endTime="1" startRot="0 0 0" endRot="0 0 99"/>
            <part node="aktar" startTime="0" endTime="1" startRot="0 0 0" endRot="0 0 99"/>
        </animation>
        <animation name="tempDisplay">
            <part node="tempNeedle" startTime="0" endTime="1" startRot="0 0 0" endRot="0 0 120"/>
            <part node="zyede" startTime="0" endTime="1" startRot="0 0 0" endRot="0 0 99"/>
        </animation>
        <animation name="axleTempDisplay">
            <part node="axleTempNeedle" startTime="0" endTime="1" startRot="0 0 0" endRot="0 0 95"/>
            <part node="kholis" startTime="0" endTime="1" startRot="0 0 0" endRot="0 0 99"/>
        </animation>
        <animation name="exhausTempDisplay">
            <part node="exhausTempNeedle" startTime="0" endTime="1" startRot="0 0 0" endRot="0 0 95"/>
        </animation>
        <animation name="turboDisplay">
            <part node="turboNeedle" startTime="0" endTime="1" startRot="0 0 0" endRot="0 0 98"/>
            <part node="ktar" startTime="0" endTime="1" startRot="0 0 0" endRot="0 0 99"/>
        </animation>
    </animations>
	
    <cylindered>
        <movingTools>
            <movingTool node="0>0|16|0|0" playSound="true"/>
            <movingTool node="0>0|16|1|0" playSound="true"/>
        </movingTools>
        <sounds>
            <hydraulic template="DEFAULT_HYDRAULIC_SOUND"/>
        </sounds>
    </cylindered>
    <suspensions>
        <suspension useCharacterTorso="true" weight="90" minRotation="0 -5 -5" maxRotation="0 5 5" suspensionParametersY="7 1" suspensionParametersZ="7 1"/>
    </suspensions>
    <ai>
        <collisionTrigger node="aiCollisionTrigger"/>
    </ai>
    <foliageBending>
        <bendingNode minX="-1.35" maxX="1.35" minZ="-5.4" maxZ="3.6" yOffset="0.6"/>
    </foliageBending>
	
    <wearable wearDuration="480" workMultiplier="5" fieldMultiplier="2"/>
    <washable dirtDuration="90" washDuration="1" workMultiplier="3" fieldMultiplier="2"/>

    <tensionBelts>
        <tensionBeltsConfigurations>
            <tensionBeltsConfiguration name="Stock Bed" price="0">
                <tensionBelts linkNode="0>0|14" jointNode="0>" width="0.075" maxEdgeLength="0.1" geometryBias="0.01" ratchetPosition="0.2" defaultOffset="0.1" defaultOffsetSide="0.1" defaultHeight="4" activationTrigger="0>0|14|7">
                    <tensionBelt startNode="0>0|14|0" endNode="0>0|14|0|0" offsetLeft="0.2"/>
                    <tensionBelt startNode="0>0|14|1" endNode="0>0|14|1|0"/>
                    <tensionBelt startNode="0>0|14|2" endNode="0>0|14|2|0"/>
                    <tensionBelt startNode="0>0|14|3" endNode="0>0|14|3|0"/>
                    <tensionBelt startNode="0>0|14|4" endNode="0>0|14|4|0"/>
                    <tensionBelt startNode="0>0|14|5" endNode="0>0|14|5|0"/>
                    <tensionBelt startNode="0>0|14|6" endNode="0>0|14|6|0" offsetRight="0.2"/>
                </tensionBelts>
            </tensionBeltsConfiguration>
			
            <tensionBeltsConfiguration name="None" price="0"/>

            <tensionBeltsConfiguration name="Log Bed" price="0">
                <tensionBelts linkNode="0>0|16|2|19" jointNode="0>" width="0.075" maxEdgeLength="0.1" geometryBias="0.01" ratchetPosition="0.2" defaultOffset="0.1" defaultOffsetSide="0.1" defaultHeight="4" activationTrigger="0>0|16|2|19|8">
                    <tensionBelt startNode="0>0|16|2|19|0" endNode="0>0|16|2|19|0|0" offsetLeft="0.2"/>
                    <tensionBelt startNode="0>0|16|2|19|1" endNode="0>0|16|2|19|1|0"/>
                    <tensionBelt startNode="0>0|16|2|19|2" endNode="0>0|16|2|19|2|0"/>
                    <tensionBelt startNode="0>0|16|2|19|3" endNode="0>0|16|2|19|3|0"/>
                    <tensionBelt startNode="0>0|16|2|19|4" endNode="0>0|16|2|19|4|0"/>
                    <tensionBelt startNode="0>0|16|2|19|5" endNode="0>0|16|2|19|5|0"/>
                    <tensionBelt startNode="0>0|16|2|19|6" endNode="0>0|16|2|19|6|0"/>
                    <tensionBelt startNode="0>0|16|2|19|7" endNode="0>0|16|2|19|7|0" offsetRight="0.2"/>
                </tensionBelts>
            </tensionBeltsConfiguration>
        </tensionBeltsConfigurations>
    </tensionBelts>
	
	
	
    <vehicleTypeConfigurations>
	
        <vehicleTypeConfiguration name="Stock Bed" price="0" vehicleType="western">
		<!--StockBed-->
            <objectChange node="0>0|9|1" visibilityActive="true" visibilityInactive="false"/>
            <objectChange node="0>0|14" visibilityActive="true" visibilityInactive="false"/>
			
		<!--GrainBed-->	
            <objectChange node="0>0|16|0" visibilityActive="false" visibilityInactive="true"/>
			<objectChange node="0>0|16|0|0|1" translationActive="0 150 -9.302" translationInactive="0 -1.735 7.954"/>
            <objectChange node="0>0|16|0|0|3|0" compoundChildInactive="true" compoundChildActive="false"/>
            <objectChange node="0>0|16|0|0|3|1" compoundChildInactive="true" compoundChildActive="false"/>
            <objectChange node="0>0|16|0|0|3|2" compoundChildInactive="true" compoundChildActive="false"/>
            <objectChange node="0>0|16|0|0|3|3" compoundChildInactive="true" compoundChildActive="false"/>
            <objectChange node="0>0|16|0|0|3|4" compoundChildInactive="true" compoundChildActive="false"/>
            <objectChange node="0>0|16|0|0|3|5" compoundChildInactive="true" compoundChildActive="false"/>


		<!-- Tanks-->	
            <objectChange node="0>0|16|1" visibilityActive="false" visibilityInactive="true"/>
			<objectChange node="0>0|16|1|2|0" translationActive="0 150 0" translationInactive="0 -1.657 0.713"/>
            <objectChange node="0>0|16|1|4|0" compoundChildInactive="true" compoundChildActive="false"/>
			
			
		<!--Wood-->	
            <objectChange node="0>0|16|2" visibilityActive="false" visibilityInactive="true"/>
            <objectChange node="0>0|16|2|1" compoundChildInactive="true" compoundChildActive="false"/>
            <objectChange node="0>0|16|2|2" compoundChildInactive="true" compoundChildActive="false"/>
            <objectChange node="0>0|16|2|3" compoundChildInactive="true" compoundChildActive="false"/>
            <objectChange node="0>0|16|2|4" compoundChildInactive="true" compoundChildActive="false"/>
            <objectChange node="0>0|16|2|5" compoundChildInactive="true" compoundChildActive="false"/>
            <objectChange node="0>0|16|2|6" compoundChildInactive="true" compoundChildActive="false"/>
            <objectChange node="0>0|16|2|7" compoundChildInactive="true" compoundChildActive="false"/>
            <objectChange node="0>0|16|2|8" compoundChildInactive="true" compoundChildActive="false"/>
            <objectChange node="0>0|16|2|9" compoundChildInactive="true" compoundChildActive="false"/>
            <objectChange node="0>0|16|2|10" compoundChildInactive="true" compoundChildActive="false"/>
            <objectChange node="0>0|16|2|11" compoundChildInactive="true" compoundChildActive="false"/>
            <objectChange node="0>0|16|2|12" compoundChildInactive="true" compoundChildActive="false"/>
            <objectChange node="0>0|16|2|13" compoundChildInactive="true" compoundChildActive="false"/>
            <objectChange node="0>0|16|2|14" compoundChildInactive="true" compoundChildActive="false"/>
            <objectChange node="0>0|16|2|15" compoundChildInactive="true" compoundChildActive="false"/>
            <objectChange node="0>0|16|2|16" compoundChildInactive="true" compoundChildActive="false"/>
            <objectChange node="0>0|16|2|17" compoundChildInactive="true" compoundChildActive="false"/>
            <objectChange node="0>0|16|2|18" compoundChildInactive="true" compoundChildActive="false"/>
            <objectChange node="0>0|16|2|21" compoundChildInactive="true" compoundChildActive="false"/>
        </vehicleTypeConfiguration>

        <vehicleTypeConfiguration name="Foldable" price="0" vehicleType="Grain">
		<!--StockBed-->
            <objectChange node="0>0|9|1" visibilityActive="false" visibilityInactive="true"/>
            <objectChange node="0>0|14" visibilityActive="false" visibilityInactive="true"/>
			
		<!--GrainBed-->	
            <objectChange node="0>0|16|0" visibilityActive="true" visibilityInactive="false"/>
            <objectChange node="0>0|16|0|0|3|0" compoundChildInactive="false" compoundChildActive="true"/>
            <objectChange node="0>0|16|0|0|3|1" compoundChildInactive="false" compoundChildActive="true"/>
            <objectChange node="0>0|16|0|0|3|2" compoundChildInactive="false" compoundChildActive="true"/>
            <objectChange node="0>0|16|0|0|3|3" compoundChildInactive="false" compoundChildActive="true"/>
            <objectChange node="0>0|16|0|0|3|4" compoundChildInactive="false" compoundChildActive="true"/>
            <objectChange node="0>0|16|0|0|3|5" compoundChildInactive="false" compoundChildActive="true"/>
		<!--GrainBed + Tanks-->	
            <objectChange node="0>0|16|1" visibilityActive="false" visibilityInactive="true"/>
			<objectChange node="0>0|16|1|2|0" translationActive="0 150 0" translationInactive="0 -1.657 0.713"/>
            <objectChange node="0>0|16|1|4|0" compoundChildInactive="true" compoundChildActive="false"/>


		<!--Wood-->	
            <objectChange node="0>0|16|2" visibilityActive="false" visibilityInactive="true"/>
            <objectChange node="0>0|16|2|1" compoundChildInactive="true" compoundChildActive="false"/>
            <objectChange node="0>0|16|2|2" compoundChildInactive="true" compoundChildActive="false"/>
            <objectChange node="0>0|16|2|3" compoundChildInactive="true" compoundChildActive="false"/>
            <objectChange node="0>0|16|2|4" compoundChildInactive="true" compoundChildActive="false"/>
            <objectChange node="0>0|16|2|5" compoundChildInactive="true" compoundChildActive="false"/>
            <objectChange node="0>0|16|2|6" compoundChildInactive="true" compoundChildActive="false"/>
            <objectChange node="0>0|16|2|7" compoundChildInactive="true" compoundChildActive="false"/>
            <objectChange node="0>0|16|2|8" compoundChildInactive="true" compoundChildActive="false"/>
            <objectChange node="0>0|16|2|9" compoundChildInactive="true" compoundChildActive="false"/>
            <objectChange node="0>0|16|2|10" compoundChildInactive="true" compoundChildActive="false"/>
            <objectChange node="0>0|16|2|11" compoundChildInactive="true" compoundChildActive="false"/>
            <objectChange node="0>0|16|2|12" compoundChildInactive="true" compoundChildActive="false"/>
            <objectChange node="0>0|16|2|13" compoundChildInactive="true" compoundChildActive="false"/>
            <objectChange node="0>0|16|2|14" compoundChildInactive="true" compoundChildActive="false"/>
            <objectChange node="0>0|16|2|15" compoundChildInactive="true" compoundChildActive="false"/>
            <objectChange node="0>0|16|2|16" compoundChildInactive="true" compoundChildActive="false"/>
            <objectChange node="0>0|16|2|17" compoundChildInactive="true" compoundChildActive="false"/>
            <objectChange node="0>0|16|2|18" compoundChildInactive="true" compoundChildActive="false"/>
            <objectChange node="0>0|16|2|21" compoundChildInactive="true" compoundChildActive="false"/>
        </vehicleTypeConfiguration>

        <vehicleTypeConfiguration name="Tank" price="0" vehicleType="Grain">
		<!--StockBed-->
            <objectChange node="0>0|9|1" visibilityActive="false" visibilityInactive="true"/>
            <objectChange node="0>0|14" visibilityActive="false" visibilityInactive="true"/>
			
		<!--GrainBed-->	
            <objectChange node="0>0|16|0" visibilityActive="false" visibilityInactive="true"/>
			<objectChange node="0>0|16|0|0|1" translationActive="0 150 -9.302" translationInactive="0 -1.735 7.954"/>
            <objectChange node="0>0|16|0|0|3|0" compoundChildInactive="true" compoundChildActive="false"/>
            <objectChange node="0>0|16|0|0|3|1" compoundChildInactive="true" compoundChildActive="false"/>
            <objectChange node="0>0|16|0|0|3|2" compoundChildInactive="true" compoundChildActive="false"/>
            <objectChange node="0>0|16|0|0|3|3" compoundChildInactive="true" compoundChildActive="false"/>
            <objectChange node="0>0|16|0|0|3|4" compoundChildInactive="true" compoundChildActive="false"/>
            <objectChange node="0>0|16|0|0|3|5" compoundChildInactive="true" compoundChildActive="false"/>


		<!--GrainBed + Tanks-->	
            <objectChange node="0>0|16|1" visibilityActive="true" visibilityInactive="false"/>
            <objectChange node="0>0|16|1|4|0" compoundChildInactive="false" compoundChildActive="true"/>

		<!--Wood-->	
            <objectChange node="0>0|16|2" visibilityActive="false" visibilityInactive="true"/>
            <objectChange node="0>0|16|2|1" compoundChildInactive="true" compoundChildActive="false"/>
            <objectChange node="0>0|16|2|2" compoundChildInactive="true" compoundChildActive="false"/>
            <objectChange node="0>0|16|2|3" compoundChildInactive="true" compoundChildActive="false"/>
            <objectChange node="0>0|16|2|4" compoundChildInactive="true" compoundChildActive="false"/>
            <objectChange node="0>0|16|2|5" compoundChildInactive="true" compoundChildActive="false"/>
            <objectChange node="0>0|16|2|6" compoundChildInactive="true" compoundChildActive="false"/>
            <objectChange node="0>0|16|2|7" compoundChildInactive="true" compoundChildActive="false"/>
            <objectChange node="0>0|16|2|8" compoundChildInactive="true" compoundChildActive="false"/>
            <objectChange node="0>0|16|2|9" compoundChildInactive="true" compoundChildActive="false"/>
            <objectChange node="0>0|16|2|10" compoundChildInactive="true" compoundChildActive="false"/>
            <objectChange node="0>0|16|2|11" compoundChildInactive="true" compoundChildActive="false"/>
            <objectChange node="0>0|16|2|12" compoundChildInactive="true" compoundChildActive="false"/>
            <objectChange node="0>0|16|2|13" compoundChildInactive="true" compoundChildActive="false"/>
            <objectChange node="0>0|16|2|14" compoundChildInactive="true" compoundChildActive="false"/>
            <objectChange node="0>0|16|2|15" compoundChildInactive="true" compoundChildActive="false"/>
            <objectChange node="0>0|16|2|16" compoundChildInactive="true" compoundChildActive="false"/>
            <objectChange node="0>0|16|2|17" compoundChildInactive="true" compoundChildActive="false"/>
            <objectChange node="0>0|16|2|18" compoundChildInactive="true" compoundChildActive="false"/>
            <objectChange node="0>0|16|2|21" compoundChildInactive="true" compoundChildActive="false"/>
        </vehicleTypeConfiguration>

        <vehicleTypeConfiguration name="Log Bed" price="0" vehicleType="western">
		<!--StockBed-->
            <objectChange node="0>0|9|1" visibilityActive="false" visibilityInactive="true"/>
            <objectChange node="0>0|14" visibilityActive="false" visibilityInactive="true"/>
			
		<!--GrainBed-->	
            <objectChange node="0>0|16|0" visibilityActive="false" visibilityInactive="true"/>
			<objectChange node="0>0|16|0|0|1" translationActive="0 150 -9.302" translationInactive="0 -1.735 7.954"/>
            <objectChange node="0>0|16|0|0|3|0" compoundChildInactive="true" compoundChildActive="false"/>
            <objectChange node="0>0|16|0|0|3|1" compoundChildInactive="true" compoundChildActive="false"/>
            <objectChange node="0>0|16|0|0|3|2" compoundChildInactive="true" compoundChildActive="false"/>
            <objectChange node="0>0|16|0|0|3|3" compoundChildInactive="true" compoundChildActive="false"/>
            <objectChange node="0>0|16|0|0|3|4" compoundChildInactive="true" compoundChildActive="false"/>
            <objectChange node="0>0|16|0|0|3|5" compoundChildInactive="true" compoundChildActive="false"/>


		<!--GrainBed + Tanks-->	
            <objectChange node="0>0|16|1" visibilityActive="false" visibilityInactive="true"/>
			<objectChange node="0>0|16|1|2|0" translationActive="0 150 0" translationInactive="0 -1.657 0.713"/>
            <objectChange node="0>0|16|1|4|0" compoundChildInactive="true" compoundChildActive="false"/>

		<!--Wood-->	
            <objectChange node="0>0|16|2" visibilityActive="true" visibilityInactive="false"/>
            <objectChange node="0>0|16|2|1" compoundChildInactive="false" compoundChildActive="true"/>
            <objectChange node="0>0|16|2|2" compoundChildInactive="false" compoundChildActive="true"/>
            <objectChange node="0>0|16|2|3" compoundChildInactive="false" compoundChildActive="true"/>
            <objectChange node="0>0|16|2|4" compoundChildInactive="false" compoundChildActive="true"/>
            <objectChange node="0>0|16|2|5" compoundChildInactive="false" compoundChildActive="true"/>
            <objectChange node="0>0|16|2|6" compoundChildInactive="false" compoundChildActive="true"/>
            <objectChange node="0>0|16|2|7" compoundChildInactive="false" compoundChildActive="true"/>
            <objectChange node="0>0|16|2|8" compoundChildInactive="false" compoundChildActive="true"/>
            <objectChange node="0>0|16|2|9" compoundChildInactive="false" compoundChildActive="true"/>
            <objectChange node="0>0|16|2|10" compoundChildInactive="false" compoundChildActive="true"/>
            <objectChange node="0>0|16|2|11" compoundChildInactive="false" compoundChildActive="true"/>
            <objectChange node="0>0|16|2|12" compoundChildInactive="false" compoundChildActive="true"/>
            <objectChange node="0>0|16|2|13" compoundChildInactive="false" compoundChildActive="true"/>
            <objectChange node="0>0|16|2|14" compoundChildInactive="false" compoundChildActive="true"/>
            <objectChange node="0>0|16|2|15" compoundChildInactive="false" compoundChildActive="true"/>
            <objectChange node="0>0|16|2|16" compoundChildInactive="false" compoundChildActive="true"/>
            <objectChange node="0>0|16|2|17" compoundChildInactive="false" compoundChildActive="true"/>
            <objectChange node="0>0|16|2|18" compoundChildInactive="false" compoundChildActive="true"/>
            <objectChange node="0>0|16|2|21" compoundChildInactive="false" compoundChildActive="true"/>
        </vehicleTypeConfiguration>

    </vehicleTypeConfigurations>
	
	
	
    <i3dMappings>
        <i3dMapping id="truckL_main_component1" node="0>"/>
        <i3dMapping id="truckL_vis" node="0>0"/>
        <i3dMapping id="axisFrontLeft" node="0>0|0|0"/>
        <i3dMapping id="wheel01" node="0>0|0|0|0"/>
        <i3dMapping id="axisFrontRight" node="0>0|0|1"/>
        <i3dMapping id="wheel02" node="0>0|0|1|0"/>
        <i3dMapping id="steeringBarRef" node="0>0|0|1|1"/>
        <i3dMapping id="steeringBarRightHydraulicRef" node="0>0|0|1|2"/>
        <i3dMapping id="wheel03" node="0>0|0|2"/>
        <i3dMapping id="wheel04" node="0>0|0|3"/>
        <i3dMapping id="wheel05" node="0>0|0|4"/>
        <i3dMapping id="wheel06" node="0>0|0|5"/>
        <i3dMapping id="lights" node="0>0|1"/>
        <i3dMapping id="frontLightLow" node="0>0|1|1|0"/>
        <i3dMapping id="highBeamLow" node="0>0|1|1|1"/>
        <i3dMapping id="frontLightHigh" node="0>0|1|1|2"/>
        <i3dMapping id="highBeamHigh" node="0>0|1|1|3"/>
        <i3dMapping id="turnLightLeftBack" node="0>0|1|2|0"/>
        <i3dMapping id="turnLightRightBack" node="0>0|1|2|1"/>
        <i3dMapping id="turnLightLeftFront" node="0>0|1|2|2"/>
        <i3dMapping id="turnLightRightFront" node="0>0|1|2|3"/>
        <i3dMapping id="backLightsHigh1" node="0>0|1|3|0"/>
        <i3dMapping id="foglightHigh" node="0>0|1|1|5"/>
        <i3dMapping id="foglightLow" node="0>0|1|1|4"/>
        <i3dMapping id="worklight" node="0>0|1|4|0"/>
        <i3dMapping id="outdoorCameraTarget" node="0>0|2|0"/>
        <i3dMapping id="outdoorCamera1" node="0>0|2|0|0"/>
        <i3dMapping id="indoorCamera1" node="0>0|2|1"/>
        <i3dMapping id="cameraRaycastNode1" node="0>0|2|2"/>
        <i3dMapping id="cameraRaycastNode2" node="0>0|2|3"/>
        <i3dMapping id="cameraRaycastNode3" node="0>0|2|4"/>
        <i3dMapping id="shadowFocusBox" node="0>0|2|5"/>
        <i3dMapping id="exitPoint" node="0>0|3"/>
        <i3dMapping id="steeringWheel" node="0>0|4|0|0"/>
        <i3dMapping id="playerLeftHandTarget" node="0>0|4|0|0|1"/>
        <i3dMapping id="playerRightHandTarget" node="0>0|4|0|0|2"/>
        <i3dMapping id="coolerPart" node="0>0|5"/>
        <i3dMapping id="steeringBarLeftHydraulic" node="0>0|6|0"/>
        <i3dMapping id="steeringBarLeftHydraulicPunch" node="0>0|6|0|0"/>
        <i3dMapping id="steeringBarRightHydraulic" node="0>0|6|1"/>
        <i3dMapping id="steeringBarRightHydraulicPunch" node="0>0|6|1|0"/>
        <i3dMapping id="cardan01" node="0>0|7|0|0"/>
        <i3dMapping id="cardan02" node="0>0|7|1|0"/>
        <i3dMapping id="cardan03" node="0>0|7|2|0"/>
        <i3dMapping id="cardan04" node="0>0|7|3|0"/>
        <i3dMapping id="seat" node="0>0|8|0"/>
        <i3dMapping id="playerSkin" node="0>0|8|0|1|0"/>
        <i3dMapping id="turboNeedle" node="0>0|8|1|0|0"/>
        <i3dMapping id="exhausTempNeedle" node="0>0|8|1|1|0"/>
        <i3dMapping id="axleTempNeedle" node="0>0|8|1|2|0"/>
        <i3dMapping id="tempNeedle" node="0>0|8|1|3|0"/>
        <i3dMapping id="fuelNeedle" node="0>0|8|1|4|0"/>
        <i3dMapping id="speedNeedle" node="0>0|8|1|5|0"/>
        <i3dMapping id="rpmNeedle" node="0>0|8|1|6|0"/>
        <i3dMapping id="jdid" node="0>0|8|1|7|0"/>
        <i3dMapping id="zyede" node="0>0|8|1|8|0"/>
        <i3dMapping id="aktar" node="0>0|8|1|9|0"/>
        <i3dMapping id="ktar" node="0>0|8|1|10|0"/>
        <i3dMapping id="kholis" node="0>0|8|1|11|0"/>
        <i3dMapping id="playerRightFootTargetGasRef" node="0>0|8|2"/>
        <i3dMapping id="playerRightFootTargetGas" node="0>0|8|3"/>
        <i3dMapping id="playerLeftFootTarget" node="0>0|8|4"/>
        <i3dMapping id="playerRightFootTarget" node="0>0|8|5"/>
        <i3dMapping id="gasPedal" node="0>0|8|6"/>
        <i3dMapping id="brakePedal" node="0>0|8|7"/>
        <i3dMapping id="playerRightFootTargetBrake" node="0>0|8|7|0"/>
        <i3dMapping id="wiper01" node="0>0|13|5|0"/>
        <i3dMapping id="wiper011" node="0>0|13|5|0|0"/>
        <i3dMapping id="wiper02" node="0>0|13|5|1"/>
        <i3dMapping id="wiper022" node="0>0|13|5|1|0"/>
        <i3dMapping id="attacherJointSemiTrailer" node="0>0|9|0"/>
        <i3dMapping id="aiCollisionTrigger" node="0>0|10|0"/>
        <i3dMapping id="mirrorsDecal01" node="0>0|11|0|0"/>
        <i3dMapping id="mirrorsDecal02" node="0>0|11|1|0"/>
        <i3dMapping id="exhaustParticle01" node="0>0|12|0"/>
        <i3dMapping id="exhaustParticle02" node="0>0|12|1"/>
        <i3dMapping id="trailerAttacherJointBack" node="0>0|9|2"/>
        <i3dMapping id="beaconLight01" node="0>0|1|0|0"/>
        <i3dMapping id="beaconLight02" node="0>0|1|0|1"/>
		
        <i3dMapping id="reverseLight" node="0>0|1|5|0"/>
		
    </i3dMappings>
</vehicle>
