﻿<?xml version="1.0" encoding="utf-8" standalone="no"?>
<vehicle type="puller">
    <annotation>Copyright (C) Team FSI Modding</annotation>
    <storeData>
        <name>
            <en>Tow Bar</en>
            <de>Abschleppstange</de>
        </name>
        <functions>
            <function>With the Tow Bar you can pull vehicles.</function>
        </functions>
        <image>store.dds</image>
        <price>1000</price>
        <dailyUpkeep>5</dailyUpkeep>
        <lifetime>1200</lifetime>
        <rotation>0</rotation>
        <brand>LIZARD</brand>
        <category>misc</category>
    </storeData>
	<base>
        <typeDesc>$l10n_typeDesc_trailer</typeDesc>
        <filename>Barra_traino.i3d</filename>
		<size width="0.1" length="3" lengthOffset="0" />
        <components>
            <component centerOfMass="0 0 0" solverIterationCount="10" mass="500"/>
        </components>
        <schemaOverlay attacherJointPosition="0 0">
            <default name="DEFAULT_IMPLEMENT"/>
            <selected name="DEFAULT_IMPLEMENT_SELECTED"/>
        </schemaOverlay>
    </base>
    <attachSound file="$data/sounds/vehicles/shared/attach_01.ogg" pitchOffset="1.0" volume="1.0" indoorVolumeFactor="0.35" indoorLowpassGain="0.75" />
    <grabbable isGrabbable="true" isGrabbableOnlyIfDetach="false" />
    <puller index="0>0|0|0" rootNode="0>" attachRadius="1.5" />
	<attachable>
        <inputAttacherJoints>
            <inputAttacherJoint node="attacherJoint" jointType="trailer"/>
        </inputAttacherJoints>
    </attachable>
    <washable dirtDuration="10" washDuration="1" workMultiplier="5" />
	<i3dMappings>
        <i3dMapping id="attacherJoint" node="0>0|1|0"/>
	</i3dMappings>
</vehicle>