﻿<?xml version="1.0" encoding="utf-8" standalone="no"?>
<modDesc descVersion="40">
    <author>kenny456, Peppe978, TyKonKet</author>
    <version>1.0.0.0</version>
    <title>
        <en>Tow Bar</en>
        <de>Abschleppstange</de>
    </title>
    <description>
        <en>
            <![CDATA[With the Tow Bar you can pull vehicles.]]>
        </en>
        <de>
            <![CDATA[Mit der Abschleppstange können Sie Fahrzeuge ziehen.]]>
        </de>
        <fr>
            <![CDATA[Avec la barre de remorquage, vous pouvez tirer des véhicules.]]>
        </fr>
        <it>
            <![CDATA[Con la Barra Traino puoi trainare i veicoli.]]>
        </it>
    </description>
    <iconFilename>icon.dds</iconFilename>
    <multiplayer supported="true"/>
	<extraSourceFiles>
        <sourceFile filename="Script/register.lua"/>
    </extraSourceFiles>
    <l10n>
        <text name="PULLER_DETACH">
            <en>Detach object</en>
            <it>Sgancia oggetto</it>
            <de>Objekt löschen</de>
            <fr>Détacher l'objet</fr>
        </text>
        <text name="PULLER_ATTACH">
            <en>Attach object</en>
            <it>Aggancia oggetto</it>
            <de>Objekt anbringen</de>
            <fr>Joindre l'objet</fr>
        </text>
		<text name="input_PULLER_ATTACH_VEHICLE">
            <en>Attach vehicle</en>
            <it>Aggancia oggetto</it>
            <de>Objekt anbringen</de>
            <fr>Joindre l'objet</fr>
        </text>
    </l10n>
	<actions>
        <action name="PULLER_ATTACH_VEHICLE" category="VEHICLE"   axisType="HALF" ignoreComboMask="false"/>
    </actions>
	<inputBinding>
        <actionBinding action="PULLER_ATTACH_VEHICLE" >
            <binding device="KB_MOUSE_DEFAULT" input="KEY_x" />
        </actionBinding>
    </inputBinding>
	<extraSourceFiles>
        <sourceFile filename="Script/register.lua"/>
    </extraSourceFiles>
	<vehicleTypes>
        <type name="puller" parent="baseAttachable" className="Vehicle" filename="$dataS/scripts/vehicles/Vehicle.lua">
            <specialization name="puller" />
        </type>
    </vehicleTypes>
    <storeItems>
        <storeItem xmlFilename="Comear.xml" rootNode="vehicle"/>
    </storeItems>
</modDesc>