﻿<?xml version="1.0" encoding="utf-8" standalone="no" ?>
<vehicle type="dynamicMountAttacherTrailer">
	<annotation>Euro Agri Modding</annotation>

	<storeData>
        <name>LM146</name>
        <functions>
            <function>$l10n_function_IforWilliams</function>
        </functions>
        <image>store_IforWilliamsLM146.dds</image>
        <price>3500</price>
        <lifetime>200</lifetime>
        <rotation>0</rotation>
        <brand>IforWilliams</brand>
        <category>lowloaders</category>
        <shopTranslationOffset>0 0 0</shopTranslationOffset>
        <shopRotationOffset>2.26 0 0</shopRotationOffset>
	</storeData>

	<base>
        <typeDesc>$l10n_typeDesc_lowLoader</typeDesc>
        <filename>LM146.i3d</filename>
        <size width="3" length="7" lengthOffset="0" />
        <components>
            <component centerOfMass="-0.02 0.56 -0.80" solverIterationCount="10" mass="2300" />
			<component centerOfMass="0 0 0"       solverIterationCount="10" mass="100" /> 
			<joint component1="1" component2="2" node="rampsjoint" rotLimit="0 0 0" transLimit="0 0 0" />
        </components>
        <schemaOverlay attacherJointPosition="0 0">
            <default name="DEFAULT_IMPLEMENT"/>
            <selected name="DEFAULT_IMPLEMENT_SELECTED"/>
        </schemaOverlay>
	</base>

	<configurationSets>
		<configurationSet name="$l10n_configuration_NoHeadboard" params="0" isDefault="true">
			<configuration name="tensionBelts" index="1" />
			<configuration name="design" index="1" /> 
        </configurationSet>
		<configurationSet name="$l10n_configuration_Headboard" params="0" >
			<configuration name="tensionBelts" index="1" /> 
			<configuration name="design" index="2" />
        </configurationSet>
		<configurationSet name="$l10n_configuration_ladderrack" params="0">
		<configuration name="tensionBelts" index="2" />
			<configuration name="design" index="3" /> 
        </configurationSet>
		<configurationSet name="$l10n_configuration_Sidepanels" params="0" >
          <configuration name="tensionBelts" index="2" />
		  <configuration name="design" index="4" />
        </configurationSet>
		<configurationSet name="$l10n_configuration_ladderrack2" params="0">
			<configuration name="tensionBelts" index="1" />
			<configuration name="design" index="5" /> 
        </configurationSet>
	</configurationSets>

	<wheels>
        <wheelConfigurations>
            <wheelConfiguration name="$l10n_configuration_valueDefault" price="0">
                <wheels>
                    <wheel filename="Wheels/wheel.xml" isLeft="true" hasTireTracks="true" hasParticles="true" >
                        <physics tipOcclusionAreaGroupId="1" restLoad="1.3" repr="FrontLeft"  forcePointRatio="0.5" initialCompression="17" suspTravel="0.13" spring="50" damper="50" />
                    </wheel>
					<wheel filename="Wheels/wheel.xml" isLeft="false" hasTireTracks="true" hasParticles="true" >
                        <physics tipOcclusionAreaGroupId="1" restLoad="1.3" repr="FrontRight" forcePointRatio="0.5" initialCompression="17" suspTravel="0.13" spring="50" damper="50" />
                    </wheel>
					<wheel filename="Wheels/wheel.xml" isLeft="false" hasTireTracks="false" hasParticles="true" >
                        <physics tipOcclusionAreaGroupId="1" restLoad="1.3" repr="BackRight" forcePointRatio="0.5" initialCompression="17" suspTravel="0.13" spring="50" damper="50" />
					</wheel>
					<wheel filename="Wheels/wheel.xml" isLeft="true" hasTireTracks="false" hasParticles="true"  >
                        <physics tipOcclusionAreaGroupId="1" restLoad="1.3" repr="BackLeft"  forcePointRatio="0.5" initialCompression="17" suspTravel="0.13" spring="50" damper="50" />
                    </wheel> 
                </wheels>
            </wheelConfiguration>
        </wheelConfigurations>
		<hubs>
			<hub linkNode="BackLeft" filename="$data/shared/wheels/hubs/hub_n6_1.xml" isLeft="true"  scale="0.233 0.233 0.233" />
			<hub linkNode="BackRight" filename="$data/shared/wheels/hubs/hub_n6_1.xml" isLeft="false" scale="0.233 0.233 0.233" />
			<hub linkNode="FrontLeft" filename="$data/shared/wheels/hubs/hub_n6_1.xml" isLeft="true"  scale="0.233 0.233 0.233" />
			<hub linkNode="FrontRight" filename="$data/shared/wheels/hubs/hub_n6_1.xml" isLeft="false" scale="0.233 0.233 0.233" />
			<hub linkNode="SpareWheel" filename="$data/shared/wheels/hubs/hub_n6_1.xml" isLeft="true" scale="0.233 0.233 0.233" />
		</hubs>

		<dynamicallyLoadedWheels>
            <dynamicallyLoadedWheel linkNode="SpareWheel"  filename="Wheels/wheel.xml" isLeft="true" />
		</dynamicallyLoadedWheels>
	</wheels>

	<lights>
		<sharedLight linkNode="Light1"  filename="$data/shared/assets/lights/lizard/rear2ChamberLight_04_left.xml" />
		<sharedLight linkNode="Light2" filename="$data/shared/assets/lights/lizard/rear2ChamberLight_04_right.xml" />
		<sharedLight linkNode="Reflector2" filename="$data/shared/assets/reflectors/lizard/redTriangle_02.xml" />
		<sharedLight linkNode="Reflector" filename="$data/shared/assets/reflectors/lizard/redTriangle_02.xml" />
		<sharedLight linkNode="NumberPlate1" filename="$data/shared/assets/lights/lizard/rearPlateNumber_01.xml" />
		<sharedLight linkNode="NumberPlate2" filename="$data/shared/assets/lights/lizard/rearPlateNumber_01.xml" />
		<sharedLight linkNode="reflector3" filename="$data/shared/assets/reflectors/lizard/yellowRectangle_01.xml" />
		<sharedLight linkNode="reflector4" filename="$data/shared/assets/reflectors/lizard/yellowRectangle_01.xml" />
		<sharedLight linkNode="reflector5" filename="$data/shared/assets/reflectors/lizard/yellowRectangle_01.xml" />
		<sharedLight linkNode="reflector6" filename="$data/shared/assets/reflectors/lizard/yellowRectangle_01.xml" />
		<sharedLight linkNode="Frontlight1" filename="$data/shared/assets/lights/hella/hellaRear2ChamberLightLED_01_right.xml" />
		<sharedLight linkNode="Frontlight2" filename="$data/shared/assets/lights/hella/hellaRear2ChamberLightLED_01_left.xml" />
		
		<realLights>
            <high>
                <light node="backlight1"   lightTypes="0"/>
				<light node="backlight2"   lightTypes="0"/>
                <brakeLight node="backlight1" />
				<brakeLight node="backlight2" />
                <turnLightLeft node="turnLightLeftBack" />
                <turnLightRight node="turnLightRightBack" />
				<turnLightLeft node="turnLightLeftFront" />
                <turnLightRight node="turnLightRightFront" />
            </high>
        </realLights>
	</lights>

	<attachable>
        <inputAttacherJoints>
            <inputAttacherJoint node="Attacherjoint" jointType="trailerLow" attacherHeight="0.6" />
        </inputAttacherJoints>
        <support animationName="moveSupport" />
        <brakeForce>0.4</brakeForce>
		<sounds>
            <attach template="ATTACH_01" />
        </sounds>
	</attachable>

	<designConfigurations>
		<designConfiguration name="$l10n_configuration_NoHeadboard" price="140" >
			<objectChange node="HeadBoard_Col" compoundChildActive="false" />
			<objectChange node="Left_Col" compoundChildActive="false" />
			<objectChange node="Back_Col" compoundChildActive="false" />
			<objectChange node="Right_Col" compoundChildActive="false" />
            <objectChange node="LeftPanel" visibilityActive="false" />
			<objectChange node="RightPanel" visibilityActive="false" />
			<objectChange node="Back" visibilityActive="false" />
			<objectChange node="HeadBoard" visibilityActive="false" />
			<objectChange node="Rails" visibilityActive="false" />
			<objectChange node="DecalsR" visibilityActive="false" />
			<objectChange node="DecalsL" visibilityActive="false" />
			<objectChange node="DecalsB" visibilityActive="false" />
			<objectChange node="SpareWheel" visibilityActive="false" />
			<objectChange node="LadderRack" visibilityActive="false" />
			<objectChange node="LadderRackCol" compoundChildActive="false" />
        </designConfiguration>
		<designConfiguration name="$l10n_configuration_Headboard" price="110" >
			<objectChange node="Left_Col" compoundChildActive="false" />
			<objectChange node="Back_Col" compoundChildActive="false" />
			<objectChange node="Right_Col" compoundChildActive="false" />
            <objectChange node="LeftPanel" visibilityActive="false" />
			<objectChange node="RightPanel" visibilityActive="false" />
			<objectChange node="Back" visibilityActive="false" />
			<objectChange node="Rails" visibilityActive="false" />
			<objectChange node="DecalsR" visibilityActive="false" />
			<objectChange node="DecalsL" visibilityActive="false" />
			<objectChange node="DecalsB" visibilityActive="false" />
			<objectChange node="LadderRack" visibilityActive="false" />
			<objectChange node="LadderRackCol" compoundChildActive="false" />
        </designConfiguration>
		<designConfiguration name="$l10n_configuration_ladderrack" price="540" >
			<objectChange node="LadderRack" visibilityActive="true" />
			<objectChange node="LadderRackCol" compoundChildActive="true" />
        </designConfiguration>
		<designConfiguration name="$l10n_configuration_Sidepanels" price="350" >
			<objectChange node="LadderRack" visibilityActive="false" />
			<objectChange node="LadderRackCol" compoundChildActive="false" />
        </designConfiguration>
		<designConfiguration name="$l10n_configuration_ladderrack2" price="190" >
			<objectChange node="Left_Col" compoundChildActive="false" />
			<objectChange node="Back_Col" compoundChildActive="false" />
			<objectChange node="Right_Col" compoundChildActive="false" />
            <objectChange node="LeftPanel" visibilityActive="false" />
			<objectChange node="RightPanel" visibilityActive="false" />
			<objectChange node="Back" visibilityActive="false" />
			<objectChange node="Rails" visibilityActive="false" />
			<objectChange node="DecalsR" visibilityActive="false" />
			<objectChange node="DecalsL" visibilityActive="false" />
			<objectChange node="DecalsB" visibilityActive="false" />
			<objectChange node="LadderRack" visibilityActive="true" />
			<objectChange node="LadderRackCol" compoundChildActive="true" />
			<objectChange node="LadderRackCol" compoundChildActive="true" />
        </designConfiguration>
	</designConfigurations>

	<vehicleTypeConfigurations>
		<vehicleTypeConfiguration name="$l10n_configuration_Reg" price="0" vehicleType="trailer">	
            <objectChange node="NL" 		visibilityActive="false" />
            <objectChange node="IRL" 		visibilityActive="false" />
            <objectChange node="GB" 		visibilityActive="false" />
			<objectChange node="FR" 		visibilityActive="false" />
			<objectChange node="DK" 		visibilityActive="false" />
			<objectChange node="DE" 		visibilityActive="false" />
			<objectChange node="NumberPlateFrame" 	visibilityActive="false" />
			<objectChange node="NI" 		visibilityActive="false" />
			<objectChange node="US" 		visibilityActive="false" />
			<objectChange node="NumberPlate1" 		visibilityActive="false" />
			<objectChange node="NumberPlate2" 		visibilityActive="false" />
        </vehicleTypeConfiguration>
		<vehicleTypeConfiguration name="IRL " price="15" vehicleType="trailer">
            <objectChange node="NL" 		visibilityActive="false" />
            <objectChange node="IRL" 		visibilityActive="true" />
            <objectChange node="GB" 		visibilityActive="false" />
			<objectChange node="FR" 		visibilityActive="false" />
			<objectChange node="DK" 		visibilityActive="false" />
			<objectChange node="DE" 		visibilityActive="false" />
			<objectChange node="NumberPlateFrame" 	visibilityActive="true" />
			<objectChange node="NI" 		visibilityActive="false" />
			<objectChange node="US" 		visibilityActive="false" />
        </vehicleTypeConfiguration>
		<vehicleTypeConfiguration name="NI" price="15" vehicleType="trailer">	
            <objectChange node="NL" 		visibilityActive="false" />
            <objectChange node="IRL" 		visibilityActive="false" />
            <objectChange node="GB" 		visibilityActive="false" />
			<objectChange node="FR" 		visibilityActive="false" />
			<objectChange node="DK" 		visibilityActive="false" />
			<objectChange node="DE" 		visibilityActive="false" />
			<objectChange node="NumberPlateFrame" 	visibilityActive="true" />
			<objectChange node="NI" 		visibilityActive="true" />
			<objectChange node="US" 		visibilityActive="false" />
        </vehicleTypeConfiguration>
		<vehicleTypeConfiguration name="DE" price="15" vehicleType="trailer">
            <objectChange node="NL" 		visibilityActive="false" />
            <objectChange node="IRL" 		visibilityActive="false" />
            <objectChange node="GB" 		visibilityActive="false" />
			<objectChange node="FR" 		visibilityActive="false" />
			<objectChange node="DK" 		visibilityActive="false" />
			<objectChange node="DE" 		visibilityActive="true" />
			<objectChange node="NumberPlateFrame" 	visibilityActive="true" />
			<objectChange node="NI" 		visibilityActive="false" />
			<objectChange node="US" 		visibilityActive="false" />
        </vehicleTypeConfiguration>
		<vehicleTypeConfiguration name="UK " price="15" vehicleType="trailer">
            <objectChange node="NL" 		visibilityActive="false" />
            <objectChange node="IRL" 		visibilityActive="false" />
            <objectChange node="GB" 		visibilityActive="true" />
			<objectChange node="FR" 		visibilityActive="false" />
			<objectChange node="DK" 		visibilityActive="false" />
			<objectChange node="DE" 		visibilityActive="false" />
			<objectChange node="NumberPlateFrame" 	visibilityActive="true" />
			<objectChange node="NI" 		visibilityActive="false" />
			<objectChange node="US" 		visibilityActive="false" />
        </vehicleTypeConfiguration>
		<vehicleTypeConfiguration name="FR" price="15" vehicleType="trailer">
            <objectChange node="NL" 		visibilityActive="false" />
            <objectChange node="IRL" 		visibilityActive="false" />
            <objectChange node="GB" 		visibilityActive="false" />
			<objectChange node="FR" 		visibilityActive="true" />
			<objectChange node="DK" 		visibilityActive="false" />
			<objectChange node="DE" 		visibilityActive="false" />
			<objectChange node="NumberPlateFrame" 	visibilityActive="true" />
			<objectChange node="NI" 		visibilityActive="false" />
			<objectChange node="US" 		visibilityActive="false" />
        </vehicleTypeConfiguration>
		<vehicleTypeConfiguration name="NL" price="15" vehicleType="trailer">
            <objectChange node="NL" 		visibilityActive="true" />
            <objectChange node="IRL" 		visibilityActive="false" />
            <objectChange node="GB" 		visibilityActive="false" />
			<objectChange node="FR" 		visibilityActive="false" />
			<objectChange node="DK" 		visibilityActive="false" />
			<objectChange node="DE" 		visibilityActive="false" />
			<objectChange node="NumberPlateFrame" 	visibilityActive="true" />
			<objectChange node="NI" 		visibilityActive="false" />
			<objectChange node="US" 		visibilityActive="false" />
        </vehicleTypeConfiguration>
		<vehicleTypeConfiguration name="DK" price="15" vehicleType="trailer">
            <objectChange node="NL" 		visibilityActive="false" />
            <objectChange node="IRL" 		visibilityActive="false" />
            <objectChange node="GB" 		visibilityActive="false" />
			<objectChange node="FR" 		visibilityActive="false" />
			<objectChange node="DK" 		visibilityActive="true" />
			<objectChange node="DE" 		visibilityActive="false" />
			<objectChange node="NumberPlateFrame" 	visibilityActive="true" />
			<objectChange node="NI" 		visibilityActive="false" />
			<objectChange node="US" 		visibilityActive="false" />
        </vehicleTypeConfiguration>
		<vehicleTypeConfiguration name="TX" price="15" vehicleType="trailer">
            <objectChange node="NL" 		visibilityActive="false" />
            <objectChange node="IRL" 		visibilityActive="false" />
            <objectChange node="GB" 		visibilityActive="false" />
			<objectChange node="FR" 		visibilityActive="false" />
			<objectChange node="DK" 		visibilityActive="false" />
			<objectChange node="DE" 		visibilityActive="false" />
			<objectChange node="NumberPlateFrame" 	visibilityActive="false" />
			<objectChange node="NI" 		visibilityActive="false" />
			<objectChange node="US" 		visibilityActive="true" />
        </vehicleTypeConfiguration>
    </vehicleTypeConfigurations>

	<cylindered>
		<movingTools>
            <movingTool node="LeftPanel" playSound="true">
                <controls axis="AXIS_FRONTLOADER_TOOL" invertAxis="true" mouseSpeedFactor="0.8" iconName="TOP_DOOR_ROTATE" />
                <rotation rotationAxis="3" rotSpeed="80" rotAcceleration="150" rotMax="0" rotMin="-180" />
            </movingTool>
            <movingTool node="BackPanel" playSound="true">
                <controls axis="AXIS_FRONTLOADER_ARM" invertAxis="true" mouseSpeedFactor="0.8" iconName="TOP_DOOR_ROTATE" />
                <rotation rotationAxis="1" rotSpeed="80" rotAcceleration="150" rotMax="0" rotMin="-180" />
            </movingTool>
            <movingTool node="RightPanel" playSound="true">
                <controls axis="AXIS_FRONTLOADER_TOOL2" invertAxis="false" mouseSpeedFactor="0.8" iconName="TOP_DOOR_ROTATE" />
                <rotation rotationAxis="3" rotSpeed="80" rotAcceleration="150" rotMax="180" rotMin="0" />
            </movingTool> 
            <movingTool node="rampsjoint" playSound="true">
                <componentJoint index="1" anchorActor="0" />
            </movingTool>       
            <movingTool groupIndex="1" node="Support" playSound="true">
                <controls axis="AXIS_FRONTLOADER_TOOL5" invertAxis="true" mouseSpeedFactor="0.8" iconName="TOP_DOOR_ROTATE" />
                <rotation rotationAxis="1" rotSpeed="80" rotAcceleration="150" rotMax="90" rotMin="" />
            </movingTool> 
            <movingTool node="SupportLegs" playSound="true">
                <controls axis="AXIS_FRONTLOADER_ARM2" invertAxis="true" mouseSpeedFactor="0.8" iconName="CRANE_ARM2_ROTATE_TOOL" />
                <translation transSpeed="0.8" transAcceleration="10" transMax="0.19" transMin="0" translationAxis="3" />
            </movingTool>
        </movingTools>
        <movingParts>
            <movingPart node="ramps" referencePoint="rampsref" referenceFrame="rampsref" isActiveDirty="true"> <!--limitedAxis="1"-->
            </movingPart>
        </movingParts>
    </cylindered>

	<tensionBelts>
        <tensionBeltsConfigurations>
			<tensionBeltsConfiguration> 
                <tensionBelts linkNode="TensionBelts2" jointNode="0>" width="0.075" maxEdgeLength="0.1" geometryBias="0.01" ratchetPosition="0.2" defaultOffset="0.1" defaultOffsetSide="0.1" defaultHeight="3.5" activationTrigger="beltActivationTrigger_1">
					<tensionBelt startNode="beltStart11" endNode="beltEnd11" offsetLeft="1.75" >
						<intersectionNode node="belt11Intersection1" />
						<intersectionNode node="belt11Intersection2" />
					</tensionBelt>
					<tensionBelt startNode="beltStart12" endNode="beltEnd12" >
                        <intersectionNode node="belt12Intersection1" />
                        <intersectionNode node="belt12Intersection2" />
                    </tensionBelt>
                    <tensionBelt startNode="beltStart13" endNode="beltEnd13" >
                        <intersectionNode node="belt13Intersection1" />
                        <intersectionNode node="belt13Intersection2" />
                    </tensionBelt>
                    <tensionBelt startNode="beltStart14" endNode="beltEnd14" >
                        <intersectionNode node="belt14Intersection1" />
                        <intersectionNode node="belt14Intersection2" />
                    </tensionBelt>
                    <tensionBelt startNode="beltStart15" endNode="beltEnd15" >
                        <intersectionNode node="belt15Intersection1" />
                        <intersectionNode node="belt15Intersection2" />
                    </tensionBelt>
                    <tensionBelt startNode="beltStart16" endNode="beltEnd16" >
                        <intersectionNode node="belt16Intersection1" />
                        <intersectionNode node="belt16Intersection2" />
                    </tensionBelt>
                    <tensionBelt startNode="beltStart17" endNode="beltEnd17" >
                        <intersectionNode node="belt17Intersection1" />
                        <intersectionNode node="belt17Intersection2" />
                    </tensionBelt>
                    <tensionBelt startNode="beltStart18" endNode="beltEnd18" >
                        <intersectionNode node="belt18Intersection1" />
                        <intersectionNode node="belt18Intersection2" />
                    </tensionBelt>
                    <tensionBelt startNode="beltStart19" endNode="beltEnd19" >
                        <intersectionNode node="belt19Intersection1" />
                        <intersectionNode node="belt19Intersection2" />
					</tensionBelt>
                </tensionBelts>
            </tensionBeltsConfiguration>
            <tensionBeltsConfiguration>
                <tensionBelts linkNode="TensionBelts" jointNode="0>" width="0.075" maxEdgeLength="0.1" geometryBias="0.01" ratchetPosition="0.5" defaultOffset="0.1" defaultOffsetSide="0.1" defaultHeight="3.5" activationTrigger="beltActivationTrigger_0">
                    <tensionBelt startNode="beltStart1" endNode="beltEnd1" offsetLeft="1.75">
                        <intersectionNode node="belt1Intersection1" />
                        <intersectionNode node="belt1Intersection2" />
                    </tensionBelt>
                    <tensionBelt startNode="beltStart2" endNode="beltEnd2" >
                        <intersectionNode node="belt2Intersection1" />
                        <intersectionNode node="belt2Intersection2" />
                    </tensionBelt>
                    <tensionBelt startNode="beltStart3" endNode="beltEnd3" >
                        <intersectionNode node="belt3Intersection1" />
                        <intersectionNode node="belt3Intersection2" />
                    </tensionBelt>
                    <tensionBelt startNode="beltStart4" endNode="beltEnd4" >
                        <intersectionNode node="belt4Intersection1" />
                        <intersectionNode node="belt4Intersection2" />
                    </tensionBelt>
                    <tensionBelt startNode="beltStart5" endNode="beltEnd5" >
                        <intersectionNode node="belt5Intersection1" />
                        <intersectionNode node="belt5Intersection2" />
                    </tensionBelt>
                    <tensionBelt startNode="beltStart6" endNode="beltEnd6" >
                        <intersectionNode node="belt6Intersection1" />
                        <intersectionNode node="belt6Intersection2" />
                    </tensionBelt>
                    <tensionBelt startNode="beltStart7" endNode="beltEnd7" >
                        <intersectionNode node="belt7Intersection1" />
                        <intersectionNode node="belt7Intersection2" />
                    </tensionBelt>
                    <tensionBelt startNode="beltStart8" endNode="beltEnd8" >
                        <intersectionNode node="belt8Intersection1" />
                        <intersectionNode node="belt8Intersection2" />
                    </tensionBelt>
                    <tensionBelt startNode="beltStart9" endNode="beltEnd9" >
                        <intersectionNode node="belt9Intersection1" />
                        <intersectionNode node="belt9Intersection2" />
                    </tensionBelt>
                </tensionBelts>
            </tensionBeltsConfiguration>
        </tensionBeltsConfigurations>
	</tensionBelts>

	<animations>
		<animation name="moveSupport">
			<part node="JockeyWheel" startTime="0.0" endTime="0.9" startTrans="0.071 0.428 1.759" endTrans="0.071 0.208 1.759" startRot="0 0 0" endRot="0 360 0"/>
		</animation>
		<animation name="folding">
			<part node="BackPanel" startTime="0" endTime="1.9" startRot="0 0 0" endRot="-90 0 0" />
			<part node="BackPanel" startTime="0" endTime="1.9"  visibility="true" />
			<part node="BackPanel" startTime="2" endTime="2.1"  visibility="false" />
			<part node="BackPanel" startTime="2.5" endTime="3" startTrans="0 0 0" endTrans="0 0 4.8" />
			<part node="BackPanel" startTime="3" endTime="3.5" startRot="-90 0 0" endRot="-91 0 0" />
			<part componentJointIndex="1" startTime="4.5" endTime="6" endTransLimit="0 0 0" endRotLimit="35 0 0" />
			<part node="rampsjoint" startTime="2" endTime="3" startTrans="0 0.366 -1.329" endTrans="0 0.42 -1.329" />
			<part node="rampsjoint" startTime="3" endTime="4" startTrans="0 0.42 -1.329" endTrans="0 0.42 -3.25" />
			<part node="rampsjoint" startTime="4" endTime="5" startTrans="0 0.42 -3.25" endTrans="0 0.477 -3.190" />
			<part node="ramps" startTime="2" endTime="3" startTrans="0 0.366 -1.329" endTrans="0 0.42 -1.329" />
			<part node="ramps" startTime="3" endTime="4" startTrans="0 0.42 -1.329" endTrans="0 0.42 -3.25" />
			<part node="ramps" startTime="4" endTime="5" startTrans="0 0.42 -3.25" endTrans="0 0.477 -3.190" />
			<part node="RampR" startTime="5" endTime="6.5" startTrans="0 0 0" endTrans="-.6 0 0"  />
			<part node="RampL" startTime="5" endTime="6.5" startTrans="0 0 0" endTrans=".6 0 0"  />
			<part node="Support" startTime="0" endTime="1.9" startRot="0 0 0" endRot="90 0 0" />
		</animation>
	</animations>

	<foliageBending>
		<bendingNode minX="-1.15" maxX="1.15" minZ="-2.8" maxZ="2.8" yOffset="0" />
	</foliageBending>
	
	<dynamicMountAttacher triggerNode="dynamicMountTrigger" rootNode="0>" jointNode="0>" forceAcceleration="30" />
	
	<foldable>
		<foldingParts>
            <foldingPart animationName="folding" speedScale="1" />
		</foldingParts>
	</foldable>

    <wearable wearDuration="480" workMultiplier="5" fieldMultiplier="2"/>
    <washable dirtDuration="90" washDuration="1" workMultiplier="3" fieldMultiplier="2"/>

	<i3dMappings>
	  <i3dMapping id="IforWilliamsLM146" node="0>" />
	  <i3dMapping id="Collision " node="0>0" />
	  <i3dMapping id="Bed_Col" node="0>0|0" />
	  <i3dMapping id="Attacherjoint" node="0>1" />
	  <i3dMapping id="Lights" node="0>2" />
	  <i3dMapping id="Light3" node="0>2|0" />
	  <i3dMapping id="Light2" node="0>2|1" />
	  <i3dMapping id="Light1" node="0>2|2" />
	  <i3dMapping id="Reflector2" node="0>2|3" />
	  <i3dMapping id="Reflector" node="0>2|4" />
	  <i3dMapping id="NumberPlate1" node="0>2|5" />
	  <i3dMapping id="NumberPlate2" node="0>2|6" />
	  <i3dMapping id="reflector5" node="0>2|7" />
	  <i3dMapping id="reflector3" node="0>2|8" />
	  <i3dMapping id="reflector4" node="0>2|9" />
	  <i3dMapping id="Light4" node="0>2|10" />
	  <i3dMapping id="Frontlight2" node="0>2|11" />
	  <i3dMapping id="Frontlight1" node="0>2|12" />
	  <i3dMapping id="RealLight" node="0>2|13" />
	  <i3dMapping id="backlight1" node="0>2|13|0" />
	  <i3dMapping id="backlight2" node="0>2|13|1" />
	  <i3dMapping id="turnLightLeftBack" node="0>2|13|2" />
	  <i3dMapping id="turnLightRightBack" node="0>2|13|3" />
	  <i3dMapping id="turnLightLeftFront" node="0>2|13|4" />
	  <i3dMapping id="turnLightRightFront" node="0>2|13|5" />
	  <i3dMapping id="reflector6" node="0>2|14" />
	  <i3dMapping id="TrailerVis" node="0>3" />
	  <i3dMapping id="Decals" node="0>4" />
	  <i3dMapping id="Animated" node="0>5" />
	  <i3dMapping id="Support" node="0>5|0" />
	  <i3dMapping id="SupportLegs" node="0>5|0|0" />
	  <i3dMapping id="SupportCol" node="0>5|0|0|0" />
	  <i3dMapping id="SupportCol1" node="0>5|0|0|1" />
	  <i3dMapping id="JockeyWheel" node="0>5|1" />
	  <i3dMapping id="JockeyWheelCol" node="0>5|1|0" />
	  <i3dMapping id="DynamicMountTrigger_Main" node="0>6" />
	  <i3dMapping id="dynamicMountTrigger" node="0>6|0" />
	  <i3dMapping id="dynamicMountTriggerRef" node="0>6|1" />
	  <i3dMapping id="Ramp" node="0>7" />
	  <i3dMapping id="ramps" node="0>7|0" />
	  <i3dMapping id="RampL" node="0>7|0|0" />
	  <i3dMapping id="RampR" node="0>7|0|1" />
	  <i3dMapping id="rampsjoint" node="0>7|1" />
	  <i3dMapping id="TensionBeltsConfig" node="0>8" />
	  <i3dMapping id="TensionBelts" node="0>8|0" />
	  <i3dMapping id="beltStart1" node="0>8|0|0" />
	  <i3dMapping id="belt1Intersection1" node="0>8|0|0|0" />
	  <i3dMapping id="belt1Intersection2" node="0>8|0|0|1" />
	  <i3dMapping id="beltEnd1" node="0>8|0|0|2" />
	  <i3dMapping id="beltStart2" node="0>8|0|1" />
	  <i3dMapping id="belt2Intersection1" node="0>8|0|1|0" />
	  <i3dMapping id="belt2Intersection2" node="0>8|0|1|1" />
	  <i3dMapping id="beltEnd2" node="0>8|0|1|2" />
	  <i3dMapping id="beltStart3" node="0>8|0|2" />
	  <i3dMapping id="belt3Intersection2" node="0>8|0|2|0" />
	  <i3dMapping id="belt3Intersection1" node="0>8|0|2|1" />
	  <i3dMapping id="beltEnd3" node="0>8|0|2|2" />
	  <i3dMapping id="beltStart4" node="0>8|0|3" />
	  <i3dMapping id="belt4Intersection1" node="0>8|0|3|0" />
	  <i3dMapping id="belt4Intersection2" node="0>8|0|3|1" />
	  <i3dMapping id="beltEnd4" node="0>8|0|3|2" />
	  <i3dMapping id="beltStart5" node="0>8|0|4" />
	  <i3dMapping id="belt5Intersection2" node="0>8|0|4|0" />
	  <i3dMapping id="belt5Intersection1" node="0>8|0|4|1" />
	  <i3dMapping id="beltEnd5" node="0>8|0|4|2" />
	  <i3dMapping id="beltStart6" node="0>8|0|5" />
	  <i3dMapping id="belt6Intersection1" node="0>8|0|5|0" />
	  <i3dMapping id="belt6Intersection2" node="0>8|0|5|1" />
	  <i3dMapping id="beltEnd6" node="0>8|0|5|2" />
	  <i3dMapping id="beltStart7" node="0>8|0|6" />
	  <i3dMapping id="belt7Intersection1" node="0>8|0|6|0" />
	  <i3dMapping id="belt7Intersection2" node="0>8|0|6|1" />
	  <i3dMapping id="beltEnd7" node="0>8|0|6|2" />
	  <i3dMapping id="beltStart8" node="0>8|0|7" />
	  <i3dMapping id="belt8Intersection1" node="0>8|0|7|0" />
	  <i3dMapping id="belt8Intersection2" node="0>8|0|7|1" />
	  <i3dMapping id="beltEnd8" node="0>8|0|7|2" />
	  <i3dMapping id="beltStart9" node="0>8|0|8" />
	  <i3dMapping id="belt9Intersection2" node="0>8|0|8|0" />
	  <i3dMapping id="belt9Intersection1" node="0>8|0|8|1" />
	  <i3dMapping id="beltEnd9" node="0>8|0|8|2" />
	  <i3dMapping id="beltActivationTrigger_0" node="0>8|0|9" />
	  <i3dMapping id="TensionBelts2" node="0>8|1" />
	  <i3dMapping id="beltStart11" node="0>8|1|0" />
	  <i3dMapping id="belt11Intersection1" node="0>8|1|0|0" />
	  <i3dMapping id="belt11Intersection2" node="0>8|1|0|1" />
	  <i3dMapping id="beltEnd11" node="0>8|1|0|2" />
	  <i3dMapping id="beltStart12" node="0>8|1|1" />
	  <i3dMapping id="belt12Intersection1" node="0>8|1|1|0" />
	  <i3dMapping id="belt12Intersection2" node="0>8|1|1|1" />
	  <i3dMapping id="beltEnd12" node="0>8|1|1|2" />
	  <i3dMapping id="beltStart13" node="0>8|1|2" />
	  <i3dMapping id="belt13Intersection2" node="0>8|1|2|0" />
	  <i3dMapping id="belt13Intersection1" node="0>8|1|2|1" />
	  <i3dMapping id="beltEnd13" node="0>8|1|2|2" />
	  <i3dMapping id="beltStart14" node="0>8|1|3" />
	  <i3dMapping id="belt14Intersection1" node="0>8|1|3|0" />
	  <i3dMapping id="belt14Intersection2" node="0>8|1|3|1" />
	  <i3dMapping id="beltEnd14" node="0>8|1|3|2" />
	  <i3dMapping id="beltStart15" node="0>8|1|4" />
	  <i3dMapping id="belt15Intersection2" node="0>8|1|4|0" />
	  <i3dMapping id="belt15Intersection1" node="0>8|1|4|1" />
	  <i3dMapping id="beltEnd15" node="0>8|1|4|2" />
	  <i3dMapping id="beltStart16" node="0>8|1|5" />
	  <i3dMapping id="belt16Intersection1" node="0>8|1|5|0" />
	  <i3dMapping id="belt16Intersection2" node="0>8|1|5|1" />
	  <i3dMapping id="beltEnd16" node="0>8|1|5|2" />
	  <i3dMapping id="beltStart17" node="0>8|1|6" />
	  <i3dMapping id="belt17Intersection1" node="0>8|1|6|0" />
	  <i3dMapping id="belt17Intersection2" node="0>8|1|6|1" />
	  <i3dMapping id="beltEnd17" node="0>8|1|6|2" />
	  <i3dMapping id="beltStart18" node="0>8|1|7" />
	  <i3dMapping id="belt18Intersection1" node="0>8|1|7|0" />
	  <i3dMapping id="belt18Intersection2" node="0>8|1|7|1" />
	  <i3dMapping id="beltEnd18" node="0>8|1|7|2" />
	  <i3dMapping id="beltStart19" node="0>8|1|8" />
	  <i3dMapping id="belt19Intersection2" node="0>8|1|8|0" />
	  <i3dMapping id="belt19Intersection1" node="0>8|1|8|1" />
	  <i3dMapping id="beltEnd19" node="0>8|1|8|2" />
	  <i3dMapping id="beltActivationTrigger_1" node="0>8|1|9" />
	  <i3dMapping id="Wheels" node="0>9" />
	  <i3dMapping id="BackAxle" node="0>9|0" />
	  <i3dMapping id="BackLeft" node="0>9|0|0" />
	  <i3dMapping id="BackRight" node="0>9|0|1" />
	  <i3dMapping id="FrontAxle" node="0>9|1" />
	  <i3dMapping id="FrontLeft" node="0>9|1|0" />
	  <i3dMapping id="FrontRight" node="0>9|1|1" />
	  <i3dMapping id="SpareWheel" node="0>9|2" />
	  <i3dMapping id="Configs" node="0>10" />
	  <i3dMapping id="HeadBoard" node="0>10|0" />
	  <i3dMapping id="HeadBoard_Col" node="0>10|0|0" />
	  <i3dMapping id="Rails" node="0>10|1" />
	  <i3dMapping id="LadderRack" node="0>10|2" />
	  <i3dMapping id="LadderRackCol" node="0>10|2|0" />
	  <i3dMapping id="NumberPlateFrame" node="0>10|3" />
	  <i3dMapping id="Numberplates" node="0>10|4" />
	  <i3dMapping id="DE" node="0>10|4|0" />
	  <i3dMapping id="FR" node="0>10|4|1" />
	  <i3dMapping id="GB" node="0>10|4|2" />
	  <i3dMapping id="IRL" node="0>10|4|3" />
	  <i3dMapping id="NI" node="0>10|4|4" />
	  <i3dMapping id="NL" node="0>10|4|5" />
	  <i3dMapping id="DK" node="0>10|4|6" />
	  <i3dMapping id="US" node="0>10|4|7" />
	  <i3dMapping id="Panels" node="0>11" />
	  <i3dMapping id="RightPanel" node="0>11|0" />
	  <i3dMapping id="DecalsR" node="0>11|0|0" />
	  <i3dMapping id="Right_Col" node="0>11|0|1" />
	  <i3dMapping id="Back" node="0>11|1" />
	  <i3dMapping id="BackPanel" node="0>11|1|0" />
	  <i3dMapping id="Back_Col" node="0>11|1|0|0" />
	  <i3dMapping id="DecalsB" node="0>11|1|0|1" />
	  <i3dMapping id="LeftPanel" node="0>11|2" />
	  <i3dMapping id="DecalsL" node="0>11|2|0" />
	  <i3dMapping id="Left_Col" node="0>11|2|1" />
	  <i3dMapping id="ramp_col" node="1>" />
	  <i3dMapping id="rampsref" node="1>0" />
	</i3dMappings>
</vehicle>
