﻿<?xml version="1.0" encoding="utf-8" standalone="no" ?>
<modDesc descVersion="43">
    <author>Euro Agri Modding</author>
    <version>1.1.0.0</version>
    <title>
        <en>Ifor Williams LM146</en>
    </title>
	<l10n>
		<text name="function_IforWilliams">
            <en>
                <![CDATA[Ifor Williams LM146 is a flatbed trailer used to transport pallets, bales and small machinery.]]></en>
            <de>
                <![CDATA[Der Ifor Williams LM146 kann zum Transport von Paletten, Ballen und kleinen Maschinen genutzt werden.]]></de>
			<fr>
				<![CDATA[Ifor Williams LM146 est une remorque surbaissée utilisée pour le transport de palettes, balles et de petites machines.]]></fr>
        </text>
        <text name="configuration_Headboard"><en>With Headboard</en><de>Stirnwand</de><fr>Avec panneau</fr></text>
        <text name="configuration_Sidepanels"><en>Sidepanels</en><de>Seitenverkleidungen</de><fr>Panneaux latéraux</fr></text>
		<text name="configuration_ladderrack"><en>Ladder Rack and Sides</en><de>Leitergestell und Seiten</de><fr>Rampe avec panneaux latéraux</fr></text>
		<text name="configuration_NoHeadboard"><en>Standard</en></text>
		<text name="configuration_ladderrack2"><en>Ladder Rack w/o sides</en><de>Leitergestell ohne Seiten</de><fr>Rampe sans panneaux latéraux</fr></text>
		<text name="configuration_Reg"><en>No registration plate</en><de>Kein Nummernschild</de><fr>Sans plaque d'immatriculation</fr></text>
    </l10n>    
	<description>
        <en>
<![CDATA[Ifor Williams Trailers are the United Kingdom's largest manufacturer of trailers under 3,500 kilograms. Ifor Williams LM146 is a flatbed trailer used to transport pallets, bales and small machinery. It comes with a wide range of configurations.

Price: 3.500€

Version 1.1.0.0
-Fixed ramp animations
-Added Real lights
-Added Number plate options
-Adjusted specular map
-Fixed Collisions
-Added French Translations
]]>
        </en>
        <de>
<![CDATA[Ifor Williams Trailers ist Großbritanniens größter Produzent von Anhängern mit einem Bruttogewicht von bis zu 3500 kg. Der Ifor Williams LM146 kann dank der verschiedenen Konfigurationen z.B. zum Transport von Paletten, Ballen und kleinen Maschinen genutzt werden.

Preis: 3.500€

Anderungsliste Version 1.1.0.0
- Rampenanimationen angepasst
- Reale Lichter hinzugefügt
- Kennzeichen hinzugefügt
- Specular Map angepasst
- Kollisionen angepasst
- Französische Übersetzung hinzugefügt]]>

        </de>
		<fr>
<![CDATA[Ifor Williams est le premier fabricant britannique de remorques d'un poids total allant jusqu'à 3 500 kg. Ifor Williams LM146 est une remorque surbaissée utilisée pour le transport de palettes, balles et de petites machines. Il est disponible sous plusieurs configurations.

Prix: 3.500€

Version 1.1.0.0
-Correction de l'animation de la rampe
-Ajout de vraies lumières
-Ajout de l'option de la plaque d'immatriculation
-Correction de collisions
-Ajout de la traduction française
]]>
		</fr>
    </description>
	
    <iconFilename>icon_IforWilliamsLM146.dds</iconFilename>
    <multiplayer supported="true" />

    <storeItems>
        <storeItem xmlFilename="IforWilliamsLM146.xml"/>
    </storeItems>
	 <brands>
        <brand name="IFORWILLIAMS" title="IFOR WILLIAMS" image="brand_IforWilliams.dds"/>
    </brands>
</modDesc>
