<?xml version="1.0" encoding="utf-8" standalone="no"?>
<modDesc descVersion="53">
    <author>GreenBale</author>
    <version>1.0.0.0</version>
    <title>
        <en>Kane LBT 24 Ton</en>
    </title>
    <description>
        <en><![CDATA[Kane Beaver Tail Lowloader with a max weight of 24 tons built in Northern Ireland
Price - 30000
WARNING - Make sure lowloader is folded before used as bale trailer]]></en>
        <de><![CDATA[Kane Beaver Tail Lowloader mit einem Maximalgewicht von 24 Tonnen in Nordirland gebaut
Preis - 30000
WARNUNG - Stellen Sie sicher, dass der Tieflader zusammengeklappt ist, bevor Sie ihn als Ballenanhänger verwenden]]></de>
    </description>
    <iconFilename>icon_KaneLBT24T.png</iconFilename>
    <multiplayer supported="true"/>
    <brands>
        <brand name="KANE" title="Kane" image="brandKane.dds"/>
    </brands>
    <storeItems>
        <storeItem xmlFilename="KaneLBT24T.xml"/>
    </storeItems>
</modDesc>
