﻿<?xml version="1.0" encoding="utf-8" standalone="no" ?>
<modDesc descVersion="40">
    <author>
	Matt's Modding - original author 
	
	Richwoodrocket - 
	convert to FS 19
	Remove bed
	Cut crew cab to single cab
	Put new dashboard in 
	Put seats in
	Put new tires and wheels on
	Put Bed on
	Redo tensionbelts 
	Add new exhaust 
	add reese hitch
	
	</author>
    <version>1.0.0.0</version>
    <title>
        <en>2010 Chevy Silverado 3500HD RCLB DRW</en>
    </title>
    <description>
        <en>
            2010 Chevy Silverado 3500HD 6.6l Regular Cab Longbed DRW
        </en>

    </description>
    <iconFilename>store.dds</iconFilename>
    <multiplayer supported="true" />

    <storeItems>
        <storeItem xmlFilename="pickup2014.xml"/>
    </storeItems>
	<brands>
        <brand name="CHEVY" title="CHEVY" image="brand_chevy.dds"/>
    </brands>	
</modDesc>
