﻿<?xml version="1.0" encoding="utf-8" standalone="no" ?>
<vehicle type="carFillable">
    <annotation>Copyright (C) GIANTS Software GmbH, All Rights Reserved.</annotation>
    <storeData>
        <name>            <en>2010 Chevy silverado 3500HD RCLB DRW</en>
        </name>
        <specs>
            <power>400</power>
            <maxSpeed>120</maxSpeed>
        </specs>
        <functions>
            <function>$l10n_function_car</function>
        </functions>
        <image>store.dds</image>
        <price>45000</price>
        <lifetime>600</lifetime>
        <rotation>0</rotation>
        <brand>CHEVY</brand>
        <category>cars</category>
        <shopTranslationOffset>0 0.04 0</shopTranslationOffset>
        <shopRotationOffset>0 0 0</shopRotationOffset>
        <vertexBufferMemoryUsage>1803844</vertexBufferMemoryUsage>
        <indexBufferMemoryUsage>433242</indexBufferMemoryUsage>
        <textureMemoryUsage>15379440</textureMemoryUsage>
        <instanceVertexBufferMemoryUsage>0</instanceVertexBufferMemoryUsage>
        <instanceIndexBufferMemoryUsage>0</instanceIndexBufferMemoryUsage>
    </storeData>
    <base>
        <typeDesc>$l10n_typeDesc_car</typeDesc>
        <filename>10silverado3500.i3d</filename>
        <size width="3" length="6.5"/>
        <components count="1">
            <component centerOfMass="0 0.079 -0.228" solverIterationCount="10" mass="1800"/>
        </components>
        <schemaOverlay attacherJointPosition="0 0">
            <default name="DEFAULT_VEHICLE"/>
            <selected name="DEFAULT_VEHICLE_SELECTED"/>
        </schemaOverlay>
    </base>
    <wheels>
        <wheelConfigurations>
            <wheelConfiguration name="$l10n_configuration_valueDefault" price="0">
                <wheels autoRotateBackSpeed="2.5">
                    <wheel hasParticles="true" hasTireTracks="true">
                        <physics rotSpeed="1" restLoad="0.5" repr="0>1|0" driveNode="0>1|0" radius="0.481" width="0.27" forcePointRatio="0.5" initialCompression="25" suspTravel="0.13" spring="14" damper="3" frictionScale="2.5"/>
                        <tire tireTrackAtlasIndex="1"/>
                    </wheel>
                    <wheel hasParticles="true" hasTireTracks="true">
                        <physics rotSpeed="1" restLoad="0.5" repr="0>1|1" driveNode="0>1|1" radius="0.481" width="0.27" forcePointRatio="0.5" initialCompression="25" suspTravel="0.13" spring="14" damper="3" frictionScale="2.5"/>
                        <tire tireTrackAtlasIndex="1"/>
                    </wheel>
                    <wheel hasParticles="true" hasTireTracks="true">
                        <physics rotSpeed="0" restLoad="0.7" repr="0>1|2" radius="0.481" width="0.27" forcePointRatio="0.5" initialCompression="25" suspTravel="0.14" spring="19" damper="3" frictionScale="3"/>
                        <tire tireTrackAtlasIndex="1"/>
                    </wheel>
                    <wheel hasParticles="true" hasTireTracks="true">
                        <physics rotSpeed="0" restLoad="0.7" repr="0>1|3" radius="0.481" width="0.27" forcePointRatio="0.5" initialCompression="25" suspTravel="0.14" spring="19" damper="3" frictionScale="3"/>
                        <tire tireTrackAtlasIndex="1"/>
                    </wheel>
                </wheels>
            </wheelConfiguration>
        </wheelConfigurations>
        <ackermannSteeringConfigurations>
            <ackermannSteering rotSpeed="45" rotMax="45" rotCenterWheel1="3" rotCenterWheel2="4"/>
        </ackermannSteeringConfigurations>
    </wheels>
<!--     <lights>	

        <states>
            <state lightTypes="0"/>
            <state lightTypes="0 1"/>
            <state lightTypes="0 1 2"/>			
        </states>
        <realLights>
            <low>
                <light node="brake_left"       lightTypes="0"/>	
                <light node="turnLightRightFront"           lightTypes="0" />					
                <light node="brake_right"           lightTypes="0" />
                <light node="turnLightLeftFront"           lightTypes="0" />
                <light node="LowBeamLow"           lightTypes="1" />	
                <light node="highBeamHigh"           lightTypes="2" />					
                <brakeLight node="brake_left"/>
                <brakeLight node="brake_right"/>				
                <turnLightLeft node="turnLightLeftFront"/>
                <turnLightLeft node="turnLightLeftBack"/>
                <turnLightRight node="turnLightRightFront"/>
                <turnLightRight node="turnLightRightBack"/>
                <reverseLight node="reverseLight"/>				
            </low>
            <high>
                <light node="brake_left"       lightTypes="0"/>	
                <light node="turnLightRightFront"           lightTypes="0" />					
                <light node="brake_right"           lightTypes="0" />
                <light node="turnLightLeftFront"           lightTypes="0" />
                <light node="LowBeamLow"           lightTypes="1" />	
                <light node="highBeamHigh"           lightTypes="2" />					
                <brakeLight node="brake_left"/>
                <brakeLight node="brake_right"/>				
                <turnLightLeft node="turnLightLeftFront"/>
                <turnLightLeft node="turnLightLeftBack"/>
                <turnLightRight node="turnLightRightFront"/>
                <turnLightRight node="turnLightRightBack"/>
                <reverseLight node="reverseLight"/>
            </high>
        </realLights>

        <defaultLights>
            <defaultLight shaderNode="run1"  lightTypes="0"/>
            <defaultLight shaderNode="run2"  lightTypes="0"/>				
            <defaultLight shaderNode="run3"  lightTypes="0"/>	
            <defaultLight shaderNode="run4"  lightTypes="0"/>	
            <defaultLight shaderNode="run5"  lightTypes="0"/>
            <defaultLight shaderNode="run6"   lightTypes="0"/>
            <defaultLight shaderNode="run7"   lightTypes="0"/>
            <defaultLight shaderNode="run8"   lightTypes="0"/>
            <defaultLight shaderNode="run9"   lightTypes="0"/>				
            <defaultLight shaderNode="run10"  lightTypes="0"/>	
            <defaultLight shaderNode="run11"  lightTypes="0"/>	
            <defaultLight shaderNode="run12"  lightTypes="0"/>
            <defaultLight shaderNode="run13"  lightTypes="0"/>
            <defaultLight shaderNode="run14"  lightTypes="0"/>		
            <defaultLight shaderNode="run15" lightTypes="0"/>
            <defaultLight shaderNode="run16" lightTypes="0"/>
            <defaultLight shaderNode="run17" lightTypes="0"/>
            <defaultLight shaderNode="red1"  lightTypes="0"/>		
            <defaultLight shaderNode="red2"  lightTypes="0"/>	
            <defaultLight shaderNode="red3"  lightTypes="0"/>	
            <defaultLight shaderNode="red4"  lightTypes="0"/>	
            <defaultLight shaderNode="red5"  lightTypes="0"/>	
            <defaultLight shaderNode="red6"  lightTypes="0"/>		
            <defaultLight shaderNode="red7"  lightTypes="0" />	
            <defaultLight shaderNode="red8"  lightTypes="0" />	
            <defaultLight shaderNode="red9"  lightTypes="0" />	
            <defaultLight shaderNode="red10" lightTypes="0" />	
            <defaultLight shaderNode="red11" lightTypes="0" />		
            <defaultLight shaderNode="red12" lightTypes="0" />	
            <defaultLight shaderNode="red13" lightTypes="0" />
            <defaultLight node="emmissives"      lightTypes="0"	/>			
            <defaultLight shaderNode="low1" lightTypes="1" />
            <defaultLight shaderNode="low2" lightTypes="1" />				
            <defaultLight shaderNode="high1" lightTypes="2" />		
            <defaultLight shaderNode="high2" lightTypes="2" />				
            <defaultLight shaderNode="fog1" lightTypes="2" />	
            <defaultLight shaderNode="fog2" lightTypes="2" />	
            <defaultLight shaderNode="fog3" lightTypes="2" />	
            <defaultLight shaderNode="fog4" lightTypes="2" />				
        </defaultLights>
		
        <brakeLights>
            <brakeLight shaderNode="red1" intensity="50"/>	
            <brakeLight shaderNode="red2" intensity="50"/>
            <brakeLight shaderNode="red3" intensity="50"/>
            <brakeLight shaderNode="red4" intensity="50"/>			
        </brakeLights>
		
        <reverseLights>		
            <reverseLight shaderNode="white1"/>	
            <reverseLight shaderNode="white2"/>			
        </reverseLights>
		
        <turnLights>
            <turnLightLeft shaderNode="orange1" />
            <turnLightLeft shaderNode="orange4" />	
            <turnLightLeft shaderNode="Turnleft1" />
            <turnLightLeft shaderNode="Turnleft2" />
            <turnLightLeft shaderNode="Turnleft3" />
            <turnLightLeft shaderNode="Turnleft4" />
            <turnLightLeft shaderNode="Turnleft5" />
            <turnLightLeft shaderNode="Turnleft6" />			
            <turnLightRight shaderNode="orange2" />	
            <turnLightRight shaderNode="orange3" />	
            <turnLightRight shaderNode="Turnright1" />		
            <turnLightRight shaderNode="Turnright2" />	
            <turnLightRight shaderNode="Turnright3" />	
            <turnLightRight shaderNode="Turnright4" />	
            <turnLightRight shaderNode="Turnright5" />	
            <turnLightRight shaderNode="Turnright6" />				
        </turnLights>
		

        <sounds>
            <switchLight template="SWITCH_01"/>
            <turnLight template="SWITCH_TURNLIGHT"/>
        </sounds>	
    </lights>  -->
	
    <enterable isTabbable="true">
        <enterReferenceNode node="0>"/>
        <exitPoint node="0>0|4"/>
        <cameras count="2">
            <camera node="outdoorCamera1" rotatable="true" rotateNode="outdoorCameraTarget" limit="true" useWorldXZRotation="true" rotMinX="-1.4" rotMaxX="1" transMin="4" transMax="40" translation="0 0 5.5" rotation="-17.5 180 0">
                <raycastNode node="cameraRaycastNode1"/>
                <raycastNode node="cameraRaycastNode2"/>
                <raycastNode node="cameraRaycastNode3"/>				
            </camera>
            <camera node="indoorCamera1" rotatable="true" limit="true" rotMinX="-1.1" rotMaxX="0.4" transMin="0" transMax="0" useMirror="true" isInside="true" positionSmoothingParameter="0" shadowFocusBox="shadowFocusBox"/>
        </cameras>
    <!--     <mirrors>
            <mirror node="0>0|26|24|4|0" prio="1"/>
            <mirror node="0>0|26|24|4|1" prio="1"/>
        </mirrors>  -->
        <characterNode node="player_skin" cameraMinDistance="1.5" spineRotation="-90 0 90">
            <target ikChain="rightFoot" targetNode="player_rightFoot"/>
            <target ikChain="leftFoot" targetNode="player_leftFoot"/>
            <target ikChain="rightArm" targetNode="rightArm" poseId="wideFingers"/>
            <target ikChain="leftArm" targetNode="leftArm" poseId="wideFingers"/>
        </characterNode>
    </enterable>
    <attacherJoints>
        <attacherJoint node="trailerAttacherJointLow" jointType="trailer" lowerRotLimit="10 70 50" upperRotationOffset="0" allowsJointLimitMovement="false" canTurnOnImplement="false" comboTime="1">
            <schema position="1 0" rotation="0" invertX="false"/>
            <attachSound template="ATTACH_01" linkNode="0>0|" />
        </attacherJoint>
        <attacherJoint node="trailerAttacherJointLow" jointType="trailerLow" lowerRotLimit="10 70 50" upperRotationOffset="0" allowsJointLimitMovement="false" canTurnOnImplement="false" comboTime="1">
            <schema position="1 0" rotation="0" invertX="false"/>
            <attachSound template="ATTACH_01" linkNode="0>0|" />
        </attacherJoint>
		<attacherJoint node="attacherJointSemiTrailer" jointType="semitrailer" allowsJointLimitMovement="false" allowsLowering="false" lowerRotLimit="12 125 12">
                    <schema position="1 0" rotation="0" invertX="false" />
                    <attachSound template="TRUCK_ATTACH_01" linkNode="0>0|" />
     </attacherJoint>  <!--   
		     <attacherJoint index="0>0|24|0|0" jointType="wheelLoader" allowsJointLimitMovement="false" allowsLowering="false" rotLimitSpring="7500 7500 7500" rotLimitDamping="5 5 5" transLimitSpring="7500 7500 7500" transLimitDamping="5 5 5">
            <schema position="0 0.4" rotation="0" invertX="true"/>
        </attacherJoint> -->
    </attacherJoints>
<!--     <connectionHoses>
        <target attacherJointIndices="1 2" type="electric" node="electricBack" socket="electric"/>
    </connectionHoses> -->
  <drivable>
        <sounds>
            <waterSplash template="WATER_SPLASH_01"/>
        </sounds>
   <!--      <steeringWheel node="steeringWheel" indoorRotation="540" outdoorRotation="60"/> -->
    </drivable> 
    <fillUnit>
        <fillUnitConfigurations>
            <fillUnitConfiguration>
                <fillUnits>
                    <fillUnit unit="$l10n_unit_literShort" showOnHud="false" showInShop="false" fillTypes="diesel" capacity="120">
                        <dashboard displayType="ANIMATION" valueType="fillLevel" animName="loadingBarFuel" minValueAnim="0" maxValueAnim="35" groups="MOTOR_ACTIVE"/>
                    </fillUnit>
                </fillUnits>
            </fillUnitConfiguration>
        </fillUnitConfigurations>
    </fillUnit>
    <motorized>
        <consumerConfigurations>
            <consumerConfiguration>
                <consumer fillUnitIndex="1" usage="30" fillType="diesel"/>
                <!-- usage is per hour at max load and max rpm -->
            </consumerConfiguration>
        </consumerConfigurations>
        <differentialConfigurations>
            <differentialConfiguration>
                <differentials>
                    <differential torqueRatio="0.5" maxSpeedRatio="1.8" wheelIndex1="1" wheelIndex2="2"/>
                    <!-- front left-right -->
                    <differential torqueRatio="0.5" maxSpeedRatio="1.8" wheelIndex1="3" wheelIndex2="4"/>
                    <!-- back left-right -->
                    <differential torqueRatio="0.5" maxSpeedRatio="1.8" differentialIndex1="1" differentialIndex2="2"/>
                    <!-- front-back -->
                </differentials>
            </differentialConfiguration>
        </differentialConfigurations>
        <motorConfigurations>
            <motorConfiguration name="Duramax" hp="400" price="0">
                <motor torqueScale="1.76" minRpm="1000" maxRpm="6000" maxForwardSpeed="128" maxBackwardSpeed="24" brakeForce="1.5" lowBrakeForceScale="0.22" rotInertia="0.0015">
                    <torque rpm="1000" torque="0.9"/>
                    <torque rpm="2400" torque="1"/>
                    <torque rpm="3480" torque="1"/>
                    <torque rpm="4560" torque="0.75"/>
                    <torque rpm="5280" torque="0.63"/>
                    <torque rpm="6000" torque="0.2"/>
                </motor>
                <transmission minForwardGearRatio="10" maxForwardGearRatio="200" minBackwardGearRatio="40" maxBackwardGearRatio="200" />
            </motorConfiguration>
        </motorConfigurations>
        <exhaustEffects>
            <exhaustEffect node="Exhaust" filename="$data/particleSystems/shared/exhaust.i3d" minRpmColor="0.9 0.9 0.9 0.1" maxRpmColor="0.9 0.9 0.9 0.4" minRpmScale="0.02" maxRpmScale="0.25"/>
        </exhaustEffects>
<!--         <dashboards>
            <dashboard displayType="ANIMATION" valueType="rpm" animName="rpmDisplay" minValueAnim="0" maxValueAnim="7000" groups="MOTOR_ACTIVE"/>
            <dashboard displayType="ANIMATION" valueType="speed" animName="speedDisplay" minValueAnim="0" maxValueAnim="220" groups="MOTOR_ACTIVE"/>
            <dashboard displayType="ANIMATION" valueType="motorTemperature" animName="loadingBarTemperature" minValueAnim="0" maxValueAnim="120" groups="MOTOR_ACTIVE"/>
        </dashboards> -->
       <sounds externalSoundFile="sounds/Duramax.xml" /> 
    </motorized>
<!--     <animations>
        <animation name="speedDisplay">
            <part node="speedNeedle" startTime="0" endTime="1" startRot="0 0 0" endRot="0 0 105.708"/>
        </animation>
        <animation name="rpmDisplay">
            <part node="rpmNeedle" startTime="0" endTime="1" startRot="0 0 0" endRot="0 0 90.729"/>
        </animation>
    </animations>
 -->
		
    <suspensions>
        <suspension useCharacterTorso="true" weight="90" minRotation="0 -5 -5" maxRotation="0 5 5" suspensionParametersY="7 1" suspensionParametersZ="7 1"/>
    </suspensions>
<!--     <dashboard>
        <groups>
            <group name="MOTOR_STARTING" isMotorStarting="true"/>
            <group name="MOTOR_ACTIVE" isMotorStarting="true" isMotorRunning="true"/>
        </groups>
    </dashboard> -->
    <ai>
        <collisionTrigger node="trafficCollisionTrigger"/>
    </ai>
    <honk>
        <sound template="HONK_JD8400R"/>
    </honk>
    <tensionBelts>
        <tensionBeltsConfigurations>
            <tensionBeltsConfiguration>
                <tensionBelts linkNode="tensionBelts" jointNode="0>0|" width="0.075" maxEdgeLength="0.1" geometryBias="0.01" ratchetPosition="0.2" defaultOffset="0.1" defaultOffsetSide="0.1" defaultHeight="4" activationTrigger="beltActivationTrigger">
                    <tensionBelt startNode="tensionBeltStart1" endNode="tensionBeltEnd1" offsetLeft="0.2" />
                    <tensionBelt startNode="tensionBeltStart2" endNode="tensionBeltEnd2" />
                    <tensionBelt startNode="tensionBeltStart3" endNode="tensionBeltEnd3" />
                </tensionBelts>
            </tensionBeltsConfiguration>
        </tensionBeltsConfigurations>
    </tensionBelts>
    <foliageBending>
        <bendingNode minX="-1.15" maxX="1.15" minZ="-2.8" maxZ="2.8" yOffset="0.05"/>
    </foliageBending>
 <!-- 	<baseColorConfigurations useDefaultColors="true" price="1000" defaultColorIndex="1" icon="$dataS2/menu/hud/configurations/config_color.png">
		<baseColorConfiguration color="0.8 0 1 1" />
		<baseColorConfiguration color="0.25 0.8 0.01 1" />
		<baseColorConfiguration color="0 0.2 0.3 1" />
		<baseColorConfiguration color="0.1 0.2 0.5 1" />
		<baseColorConfiguration color="0 0.8 1 1" />
		<baseColorConfiguration color="0.9 0 0 1" />
		<baseColorConfiguration color="0.1 0 0.01 1" />
		<baseColorConfiguration color="0 1 0 1" />
		<baseColorConfiguration color="0 0 0.1 1" />
		<baseColorConfiguration color="0 0 0.3 1" />
	    <baseColorConfiguration color="0 0 0 1" />
		<baseColorConfiguration color="1 0 1 1" />
        <colorNode node="0>0|26|24|0|8"  recursive="true"/>	
		<colorNode node="0>0|26|24|0|9"  recursive="true"/>	
		<colorNode node="0>0|26|24|0|10"  recursive="true"/>	
		<colorNode node="0>0|26|24|0|11"  recursive="true"/>
		<colorNode node="0>0|26|24|0|12"  recursive="true"/>
		<colorNode node="0>0|26|24|0|13"  recursive="true"/>
		<colorNode node="0>26|24|0|14"  recursive="true"/>
		<colorNode node="0>26|24|0|15"  recursive="true"/>
		<colorNode node="0>26|24|0|16"  recursive="true"/>
		<colorNode node="0>26|24|0|17"  recursive="true"/>
		<colorNode node="0>26|24|0|18"  recursive="true"/>
		<colorNode node="0>26|24|0|19"  recursive="true"/>
		<colorNode node="0>26|24|0|20"  recursive="true"/>
		<colorNode node="0>26|24|0|21"  recursive="true"/>
    </baseColorConfigurations> -->
	<designConfigurations>
        <designConfiguration name="New York">
            <objectChange node="0>0|34" visibilityActive="true" />	
			<objectChange node="0>0|33" visibilityActive="false" />	
			<objectChange node="0>0|35" visibilityActive="false" />	
						<objectChange node="0>0|36" visibilityActive="false" />			
        </designConfiguration>
		 <designConfiguration name="Ontario" price="0">
             <objectChange node="0>0|34" visibilityActive="false" />	
			<objectChange node="0>0|33" visibilityActive="false" />	
			<objectChange node="0>0|35" visibilityActive="true" />
									<objectChange node="0>0|36" visibilityActive="false" />
		</designConfiguration>
        <designConfiguration name="Kansas" price="0">
             <objectChange node="0>0|34" visibilityActive="false" />	
			<objectChange node="0>0|33" visibilityActive="true" />	
			<objectChange node="0>0|35" visibilityActive="false" />
									<objectChange node="0>0|36" visibilityActive="false" />
		</designConfiguration>
		        <designConfiguration name="Pennsylvania" price="0">
             <objectChange node="0>0|34" visibilityActive="false" />	
			<objectChange node="0>0|33" visibilityActive="false" />	
			<objectChange node="0>0|35" visibilityActive="false" />
			<objectChange node="0>0|36" visibilityActive="true" />
		</designConfiguration>
		<designConfiguration name="No Plate" price="0">
             <objectChange node="0>0|34" visibilityActive="false" />	
			<objectChange node="0>0|33" visibilityActive="false" />	
			<objectChange node="0>0|35" visibilityActive="false" />
						<objectChange node="0>0|36" visibilityActive="false" />
		</designConfiguration>

    </designConfigurations>	
    <wearable wearDuration="480" workMultiplier="5" fieldMultiplier="2"/>
    <washable dirtDuration="90" washDuration="1" workMultiplier="3" fieldMultiplier="2"/>
    <i3dMappings>
        <i3dMapping id="pickup2014_main_component1" node="0>0|" /> 
        <i3dMapping id="trafficCollisionTrigger" node="0>0|5" /> 		
<!--         <i3dMapping id="driveleft" node="0>0|0|0" /> 
        <i3dMapping id="FL" node="0>0|0|0|0" /> 	
        <i3dMapping id="driveright" node="0>0|0|1" /> 
        <i3dMapping id="FR" node="0>0|0|1|0" />
        <i3dMapping id="rearleft" node="0>0|0|2" /> 	
        <i3dMapping id="rearright" node="0>0|0|3" />
        <i3dMapping id="RL" node="0>0|0|2|0" /> 		
        <i3dMapping id="RR" node="0>0|0|3|0" /> 	 -->	
        <i3dMapping id="outdoorCameraTarget" node="0>0|2|0" />
        <i3dMapping id="outdoorCamera1" node="0>0|2|0|0" />
        <i3dMapping id="indoorCamera1" node="0>0|2|1" />
        <i3dMapping id="cameraRaycastNode1" node="0>0|2|2" />
        <i3dMapping id="cameraRaycastNode2" node="0>0|2|3" />
        <i3dMapping id="cameraRaycastNode3" node="0>0|2|4" />
        <i3dMapping id="shadowFocusBox" node="0>0|2|5" />
        <i3dMapping id="steeringWheel" node="0>0|7|0" />
        <i3dMapping id="leftArm" node="0>0|7|0|1" />
        <i3dMapping id="rightArm" node="0>0|7|0|0" />
        <i3dMapping id="player_skin" node="0>0|3|0" />
        <i3dMapping id="player_rightFoot" node="0>0|3|1" />
        <i3dMapping id="player_leftFoot" node="0>0|3|2" />
        <i3dMapping id="exitPoint" node="0>0|4" />
        <i3dMapping id="tensionBelts" node="0>0|8" />
        <i3dMapping id="tensionBeltStart1" node="0>0|8|0" />
        <i3dMapping id="tensionBeltEnd1" node="0>0|8|0|0" />
        <i3dMapping id="tensionBeltStart2" node="0>0|8|1" />
        <i3dMapping id="tensionBeltEnd2" node="0>0|8|1|0" />
        <i3dMapping id="tensionBeltStart3" node="0>0|8|2" />
        <i3dMapping id="tensionBeltEnd3" node="0>0|8|2|0" />
        <i3dMapping id="beltActivationTrigger" node="0>0|8|3" />
        <i3dMapping id="Exhaust" node="0>0|22" />
        <i3dMapping id="trailerAttacherJointLow" node="0>0|6|0" />
		<i3dMapping id="attacherJointSemiTrailer" node="0>0|6|1" />
<!--         <i3dMapping id="electricBack" node="0>0|11" /> -->
        <i3dMapping id="emmissives" node="0>0|1|14|1" />
        <i3dMapping id="speedNeedle" node="0>0|12|0|0" />
        <i3dMapping id="rpmNeedle" node="0>0|12|1|0" />
        <i3dMapping id="aiCollisionTrigger" node="0>0|5" />	
        <i3dMapping id="roadarmor" node="0>0|1|22|0" />
        <i3dMapping id="fog1" node="0>0|1|22|0|1|1" />
        <i3dMapping id="fog2" node="0>0|1|22|0|2|1" />	
        <i3dMapping id="fog3" node="0>0|1|22|0|3|1" />	
        <i3dMapping id="fog4" node="0>0|1|22|0|4|1" />			
        <i3dMapping id="ranchhand_heavy" node="0>0|1|22|1" />		
        <i3dMapping id="low1" node="0>0|1|21|0|0" />	
        <i3dMapping id="low2" node="0>0|1|21|0|1" />
        <i3dMapping id="high1" node="0>0|1|21|1|0" />
        <i3dMapping id="high2" node="0>0|1|21|1|1" />	
		<i3dMapping id="LowBeamLow" node="0>0|9|0|0" />
        <i3dMapping id="highBeamHigh" node="0>0|9|0|1" />
		<i3dMapping id="turnLightRightBack" node="0>0|10|0|1|1" />
        <i3dMapping id="turnLightRightFront" node="0>0|10|0|1|0" />
        <i3dMapping id="turnLightLeftBack" node="0>0|10|0|0|1" />
        <i3dMapping id="turnLightLeftFront" node="0>0|10|0|0|0" />
        <i3dMapping id="reverseLight" node="0>0|9|1|0" />	
        <i3dMapping id="brake_left" node="0>0|10|0|0|2" />	
        <i3dMapping id="brake_right" node="0>0|10|0|1|2" />		
        <i3dMapping id="run1" node="0>0|1|26|0" />		
        <i3dMapping id="run2" node="0>0|1|26|1|1" />	
        <i3dMapping id="run3" node="0>0|1|26|2|1" />	
        <i3dMapping id="run4" node="0>0|1|26|3|1" />	
        <i3dMapping id="run5" node="0>0|1|26|4|1" />	
        <i3dMapping id="run6" node="0>0|1|26|5|1" />	
        <i3dMapping id="run7" node="0>0|1|26|6" />
        <i3dMapping id="run8" node="0>0|1|26|7" />
        <i3dMapping id="run9" node="0>0|1|26|8" />
        <i3dMapping id="run10" node="0>0|1|26|9|0" />		
        <i3dMapping id="run11" node="0>0|1|26|10|0" />	
        <i3dMapping id="run12" node="0>0|1|26|11|0" />	
        <i3dMapping id="run13" node="0>0|1|26|12|0" />	
        <i3dMapping id="run14" node="0>0|1|26|13|0" />			
        <i3dMapping id="run15" node="0>0|1|26|14|0" />	
        <i3dMapping id="run16" node="0>0|1|26|15|0" />
        <i3dMapping id="run17" node="0>0|1|26|16|0" />
        <i3dMapping id="Turnleft1" node="0>0|1|25|0" />		
        <i3dMapping id="Turnleft2" node="0>0|1|25|1" />	
        <i3dMapping id="Turnleft3" node="0>0|1|25|2" />	
        <i3dMapping id="Turnleft4" node="0>0|1|25|3" />	
        <i3dMapping id="Turnleft5" node="0>0|1|25|4" />	
        <i3dMapping id="Turnleft6" node="0>0|1|25|5" />	
        <i3dMapping id="Turnright1" node="0>0|1|25|6" />	
        <i3dMapping id="Turnright2" node="0>0|1|25|7" />	
        <i3dMapping id="Turnright3" node="0>0|1|25|8" />	
        <i3dMapping id="Turnright4" node="0>0|1|25|9" />	
        <i3dMapping id="Turnright5" node="0>0|1|25|10" />	
        <i3dMapping id="Turnright6" node="0>0|1|25|11" />		
        <i3dMapping id="red1" node="0>0|1|24|1|0|0" />	
        <i3dMapping id="red2" node="0>0|1|24|1|1|0" />	
        <i3dMapping id="red3" node="0>0|1|24|1|2|0" />	
        <i3dMapping id="red4" node="0>0|1|24|1|3|0" />	
        <i3dMapping id="red5" node="0>0|1|24|1|4|1" />
        <i3dMapping id="red6" node="0>0|1|24|1|5|1" />	
        <i3dMapping id="red7" node="0>0|1|24|1|6|1" />	
        <i3dMapping id="red8" node="0>0|1|24|1|7|1" />	
        <i3dMapping id="red9" node="0>0|1|24|1|8|1" />	
        <i3dMapping id="red10" node="0>0|1|24|1|9|1" />	
        <i3dMapping id="red11" node="0>0|1|24|1|10|1" />	
        <i3dMapping id="red12" node="0>0|1|24|1|11|1" />	
        <i3dMapping id="red13" node="0>0|1|24|1|12|1" />	
        <i3dMapping id="orange1" node="0>0|1|24|2|0|1" />			
        <i3dMapping id="orange2" node="0>0|1|24|2|1|1" />	
        <i3dMapping id="orange3" node="0>0|1|24|2|2|1" />	
        <i3dMapping id="orange4" node="0>0|1|24|2|3|1" />		
        <i3dMapping id="white1" node="0>0|1|24|3|0|0" />	
        <i3dMapping id="white2" node="0>0|1|24|3|1|0" />	
<!--         <i3dMapping id="mirrorsDecal01" node="0>0|13|0" />	
        <i3dMapping id="mirrorsDecal02" node="0>0|13|1" />
 -->
    </i3dMappings>		
</vehicle>
