<?xml version="1.0" encoding="utf-8" standalone="no"?>
<vehicle type="trailer">
    <annotation>Copyright (C) GreenBale, All Rights Reserved.</annotation>
    <storeData>
        <name>LLTM 24 Ton</name>
        <functions>
            <function>$l10n_function_lowLoader</function>
			<function>$l10n_function_baleTrailer</function>
        </functions>
        <image>store_KaneLLTM24T.png</image>
        <price>26000</price>
        <lifetime>600</lifetime>
        <rotation>0</rotation>
        <brand>KANE</brand>
        <category>lowloaders</category>
    </storeData>
    <base>
        <typeDesc>$l10n_typeDesc_lowLoader</typeDesc>
        <filename>KaneLLTM24T.i3d</filename>
        <size width="2.7" length="9.5"/>
        <components>
            <component centerOfMass="0 0.35 0" solverIterationCount="10" mass="3000"/>
        </components>
        <schemaOverlay attacherJointPosition="0 0">
            <default name="DEFAULT_IMPLEMENT"/>
            <selected name="DEFAULT_IMPLEMENT_SELECTED"/>
        </schemaOverlay>
    </base>
	
    <wheels>
	
		
        <wheelConfigurations>
		<wheelConfiguration name="$l10n_configuration_valueDefault" price="0" brand="LIZARD">
                <wheels>
                    <wheel filename="$data/shared/wheels/lizard/implement/295_70R18.xml" isLeft="true" hasTireTracks="true" hasParticles="true" >
                        <physics restLoad="1.7" repr="0>0"    forcePointRatio="0.5" initialCompression="10" suspTravel="0.1" spring="80" damper="40" />
						<additionalWheel filename="$data/shared/wheels/lizard/implement/295_70R18.xml" isLeft="false" offset="0" />
                    </wheel>
                    <wheel filename="$data/shared/wheels/lizard/implement/295_70R18.xml" isLeft="false" hasTireTracks="true" hasParticles="true" >
                        <physics restLoad="1.7" repr="0>1"    forcePointRatio="0.5" initialCompression="10" suspTravel="0.1" spring="80" damper="40" />
						<additionalWheel filename="$data/shared/wheels/lizard/implement/295_70R18.xml" isLeft="true" offset="0" />
                    </wheel>
                    <wheel filename="$data/shared/wheels/lizard/implement/295_70R18.xml" isLeft="true" hasTireTracks="true" hasParticles="true" >
                        <physics restLoad="1.7" repr="0>2"    forcePointRatio="0.5" initialCompression="10" suspTravel="0.1" spring="80" damper="40" />
						<additionalWheel filename="$data/shared/wheels/lizard/implement/295_70R18.xml" isLeft="false" offset="0" />
                    </wheel>
                    <wheel filename="$data/shared/wheels/lizard/implement/295_70R18.xml" isLeft="false" hasTireTracks="true" hasParticles="true" >
                        <physics restLoad="1.7" repr="0>3"    forcePointRatio="0.5" initialCompression="10" suspTravel="0.1" spring="80" damper="40" />
						<additionalWheel filename="$data/shared/wheels/lizard/implement/295_70R18.xml" isLeft="true" offset="0" />
                    </wheel>
					<wheel filename="$data/shared/wheels/lizard/implement/295_70R18.xml" isLeft="true" hasTireTracks="true" hasParticles="true" >
                        <physics restLoad="1.7" repr="0>11"    forcePointRatio="0.5" initialCompression="10" suspTravel="0.1" spring="80" damper="40" />
						<additionalWheel filename="$data/shared/wheels/lizard/implement/295_70R18.xml" isLeft="false" offset="0" />
                    </wheel>
                    <wheel filename="$data/shared/wheels/lizard/implement/295_70R18.xml" isLeft="false" hasTireTracks="true" hasParticles="true" >
                        <physics restLoad="1.7" repr="0>12"    forcePointRatio="0.5" initialCompression="10" suspTravel="0.1" spring="80" damper="40" />
						<additionalWheel filename="$data/shared/wheels/lizard/implement/295_70R18.xml" isLeft="true" offset="0" />
                    </wheel>
                </wheels>
            </wheelConfiguration>
        </wheelConfigurations>
		<hubs>
				<color0 useBaseColor="true" />
				<hub linkNode="0>0"  filename="$data/shared/wheels/hubs/hub_n10_5.xml" isLeft="true"  scale="0.235 0.335 0.335" />
				<hub linkNode="0>1" filename="$data/shared/wheels/hubs/hub_n10_5.xml" isLeft="false" scale="0.235 0.335 0.335" />
				<hub linkNode="0>2"  filename="$data/shared/wheels/hubs/hub_n10_5.xml" isLeft="true"  scale="0.235 0.335 0.335" />
				<hub linkNode="0>3" filename="$data/shared/wheels/hubs/hub_n10_5.xml" isLeft="false" scale="0.235 0.335 0.335" />
				<hub linkNode="0>11"  filename="$data/shared/wheels/hubs/hub_n10_5.xml" isLeft="true"  scale="0.235 0.335 0.335" />
				<hub linkNode="0>12" filename="$data/shared/wheels/hubs/hub_n10_5.xml" isLeft="false" scale="0.235 0.335 0.335" />
		</hubs>
		
    </wheels>
    <attachable>
        <inputAttacherJoints>
            <inputAttacherJoint node="0>4" jointType="trailerLow" attacherHeight="0.6"/>
        </inputAttacherJoints>
        <brakeForce>1.1</brakeForce>
    </attachable>
	
	<connectionHoses>
        <hose inputAttacherJointIndices="1" type="hydraulicIn"  node="0>8|1|0|1|0|0"  length="0.5" diameter="0.02">
            <objectChange node="0>8|1|0|0" visibilityActive="false" visibilityInactive="true"/>
			<objectChange node="0>8|1|0|1"   visibilityActive="true" visibilityInactive="false"/>
        </hose>
        <hose inputAttacherJointIndices="1" type="hydraulicOut" node="0>8|1|0|1|0|1" length="0.5" diameter="0.02">
            <objectChange node="0>8|1|0|0" visibilityActive="false" visibilityInactive="true"/>
			<objectChange node="0>8|1|0|1"   visibilityActive="true" visibilityInactive="false"/>
        </hose>
		<hose inputAttacherJointIndices="1" type="hydraulicIn" node="0>8|1|0|1|0|3" length="0.5" diameter="0.02">
            <objectChange node="0>8|1|0|0" visibilityActive="false" visibilityInactive="true"/>
			<objectChange node="0>8|1|0|1"   visibilityActive="true" visibilityInactive="false"/>
        </hose>
        <hose inputAttacherJointIndices="1" type="electric" node="0>8|1|0|1|0|2" length="0.5" diameter="0.008" minDeltaY="-0.246"/>
    </connectionHoses>
	
    <lights>
        <realLights>
            <high>
                <light node="0>9|0|0|0|0" lightTypes="0" excludedLightTypes="3"/>
                <turnLightLeft node="0>9|0|0|1|0|0"/>
                <turnLightRight node="0>9|0|0|1|1|0"/>
                <brakeLight node="0>9|0|0|0|0"/>
            </high>
		</realLights>
		
		<defaultLights>
			<defaultLight shaderNode="0>10|0|0"     lightTypes="0 3" />
			<defaultLight shaderNode="0>10|1|0"     lightTypes="0 3" />
			<defaultLight shaderNode="0>10|2|0"     lightTypes="0 3" />
			<defaultLight shaderNode="0>10|3|0"     lightTypes="0 3" />
        </defaultLights>
		
        <sharedLight linkNode="0>9|0|0|3"       filename="$data/shared/assets/lights/lizard/rear4ChamberLight_01_left.xml" />
        <sharedLight linkNode="0>9|0|0|2"       filename="$data/shared/assets/lights/lizard/rear4ChamberLight_01_right.xml" />
		
		<sharedLight linkNode="0>10|0"       filename="$data/shared/assets/lights/lizard/sideMarker_04Orange.xml" />
		<sharedLight linkNode="0>10|1"       filename="$data/shared/assets/lights/lizard/sideMarker_04Orange.xml" />
		<sharedLight linkNode="0>10|2"       filename="$data/shared/assets/lights/lizard/sideMarker_04Orange.xml" />
		<sharedLight linkNode="0>10|3"       filename="$data/shared/assets/lights/lizard/sideMarker_04Orange.xml" />
		
    </lights>
    <foldable>
        <foldingParts posDirectionText="action_unfoldOBJECT" negDirectionText="action_foldOBJECT" detachingMaxLimit="0.01">
            <foldingPart animationName="folding" speedScale="1"/>
        </foldingParts>
    </foldable>
    <animations>
		<animation name="folding">
            <part node="0>8|11" startTime="0" endTime="0.1 " startTrans="0 0 0" endTrans="0 -1000 0"/>
            <part node="0>9" startTime="0.1" endTime="3.5" startRot="0 0 0" endRot="-108 0 0"/>
        </animation>
    </animations>
    <cylindered>
		<movingParts>
					<movingPart node="0>8|10" referencePoint="0>9|1" referenceFrame="0>9|1" isActiveDirty="true" scaleZ="true"/>
					<movingPart node="0>8|12" referencePoint="0>9|5" referenceFrame="0>9|5" isActiveDirty="true" scaleZ="true"/>
					
        </movingParts>
    </cylindered>
	<tensionBelts>
        <tensionBeltsConfigurations>
            <tensionBeltsConfiguration>
                <tensionBelts linkNode="0>7" jointNode="0>" width="0.075" maxEdgeLength="0.1" geometryBias="0.01" ratchetPosition="0.2" defaultOffset="0.1" defaultOffsetSide="0.1" defaultHeight="4" activationTrigger="0>7|9">
                    <tensionBelt startNode="0>7|0" endNode="0>7|0|0"/>
                    <tensionBelt startNode="0>7|1" endNode="0>7|1|0"/>
                    <tensionBelt startNode="0>7|2" endNode="0>7|2|0"/>
                    <tensionBelt startNode="0>7|3" endNode="0>7|3|0"/>
					<tensionBelt startNode="0>7|4" endNode="0>7|4|0"/>
                    <tensionBelt startNode="0>7|5" endNode="0>7|5|0"/>
					<tensionBelt startNode="0>7|6" endNode="0>7|6|0"/>
                </tensionBelts>
            </tensionBeltsConfiguration>
        </tensionBeltsConfigurations>
    </tensionBelts>
	
	<baseMaterial>
        <material name="baseYellow" baseNode="0>8|4">
			<shaderParameter name="colorMat0" value="1 0.46 0" material="16" />
        </material>
		<material name="baseYellow2" baseNode="0>8|2">
			<shaderParameter name="colorMat0" value="1 0.46 0" material="16" />
        </material>
    </baseMaterial>

    <baseMaterialConfigurations>
		<baseMaterialConfiguration name="Yellow" color="0.73 0.3 0.02" material="16"/>
		<baseMaterialConfiguration name="Blue" color="0 0.2 0.6" material="16"/>
        <material name="baseYellow"  shaderParameter="colorMat0" />
		<material name="baseYellow2"  shaderParameter="colorMat0" />
    </baseMaterialConfigurations>
	
    <dynamicMountAttacher triggerNode="0>6" rootNode="0>" jointNode="0>" forceAcceleration="30"/>
	<wearable wearDuration="480" workMultiplier="5" fieldMultiplier="2"/>
    <washable dirtDuration="90" washDuration="1" workMultiplier="4"/>
</vehicle>
