<?xml version="1.0" encoding="utf-8" standalone="no"?>
<modDesc descVersion="53">
    <author>GreenBale</author>
    <version>1.0.0.0</version>
    <title>
        <en>Kane LLTM 24 Ton</en>
    </title>
    <description>
        <en><![CDATA[Kane Lowloader with a max weight of 24 tons built in Northern Ireland
Price - 26000]]></en>
        <de><![CDATA[Kane Lowloader mit einem Maximalgewicht von 24 Tonnen in Nordirland gebaut
Preis - 26000]]></de>
    </description>
    <iconFilename>icon_KaneLLTM24T.png</iconFilename>
    <multiplayer supported="true"/>
    <brands>
        <brand name="KANE" title="Kane" image="brandKane.dds"/>
    </brands>
    <storeItems>
        <storeItem xmlFilename="KaneLLTM24T.xml"/>
    </storeItems>
</modDesc>
