<?xml version="1.0" encoding="utf-8" standalone="no"?>
<modDesc descVersion="44">
    <author>Realismus Modding</author>
    <contributors></contributors>
    <version>2.0.0.0</version>

    <title>
        <en>Seasons GEO: Snowy Lands</en>
        <de>Seasons GEO: Snowy Lands</de>
        <fr>Seasons GEO: Snowy Lands</fr>
        <ru>Seasons GEO: Snowy Lands</ru>
        <nl>Seasons GEO: Snowy Lands</nl>
        <hu>Seasons GEO: Snowy Lands</hu>
        <it>Seasons GEO: Snowy Lands</it>
    </title>

    <description>
        <en><![CDATA[Is it time to take a break from farming and have a winter holiday? Then go to Snowy Lands!

Snowy Lands is a GEO mod that has eternal winter and high snow. Drive around in your truck or tractor, slipping over the roads, or draw snow circles.

Enjoy your holiday!
]]></en>
        <hu><![CDATA[Itt az idő hogy pihentesd a gazdálkodást és élvezd a téli pihenőt? Akkor irány a Havas Táj!

A Havas Táj egy GEO mod végtelen téllel és rengeteg hóval. Csúszkálj az utakon a traktoroddal és a gépeiddel, vagy akár rajzolj a hóba köröket.

Élvezd a pihenőt!]]></hu>
        <ru><![CDATA[Пришло время отдохнуть от сельского хозяйства и желаете где-то провести зимний отпуск? Отправляйтесь в Snowy Lands!

Snowy Lands - это GEO-мод, который устанавливант вечную зиму и добавляет высокий снег. Проезжайте на своем грузовике или тракторе, подрифтуйте по дорогам или нарезайте снежные круги.

Наслаждайтесь отдыхом!]]></ru>
        <de><![CDATA[Es ist Zeit eine Pause von der Landwirtschaft zu machen und Du möchtest einen Winterurlaub verleben? Dann fahre zu Snowy Lands!

Snowy Lands ist ein GEO Mod, der ewigen Winter und hohen Schnee hat. Fahre in Deinem LKW oder Traktor herum, rutsche über die Straßen oder ziehe Kreise im Schnee.

Genieße Deinen Urlaub!

Version 1.1.0.0
- Zuckerrohr hinzugefügt
- Kalender aktualisiert für Seasons 1.2]]></de>
        <nl><![CDATA[Is het tijd om een pauze van de boerderij te nemen en op een wintervakantie te gaan? Ga dan naar Snowy Lands!

Snowy Lands is een GEO mod die eeuwige winter en hoge sneeuw heeft. Rijd rond in uw vrachtwagen of tractor,glijden over de wegen of sneeuwcirkels tekenen.]]></nl>

        <it><![CDATA[È tempo di una pausa dall'agricoltura e hai bisogno di vacanze invernali? Allora vai a Snowy Lands!

Snowy Lands è una GEO mod per Seasons con neve alta e inverno perenne. Viaggia con il tuo camion o trattore slittando sopra le strade o disegnando cerchi nella neve.
Goditi le vacanze!]]></it>

        <fr><![CDATA[Est-il temps de prendre une pause de l'agriculture et de passer des vacances d'hiver? Alors, allez à Snowy Lands!

Snowy Lands est un mod GEO qui a un hiver éternel et une hauteur de neige élevée. Circulez dans votre camion ou votre tracteur, glissez sur les routes ou dessinez des cercles dans la neige.

Profitez de vos vacances!
]]></fr>
    </description>

    <iconFilename>icon.dds</iconFilename>

    <credits><![CDATA[
## Translations
Hungarian - n0tr3adY
Russian - Vasil'ko
German - Amadeo
Italian - *TurboStar*
Dutch - joshvzeyl
French - Farmer1602
]]></credits>

    <multiplayer supported="true"/>

    <seasons version="11">
        <type>geo</type>
        <dataFolder>data/</dataFolder>
    </seasons>
</modDesc>
